area_name,time_period,year,quarter,predicted_classification_glm,pred_housing_stress_score,cluster_label,dominant_model_driver,pred_rent_level,pred_arrears_90d_rate,rent_growth,population_growth,housing_completions
Carlow,2018Q1,2018,1,Stable,42.8,High pressure growth areas,limited housing supply,1046.0,0.198,7.2,1.2,855
Carlow,2018Q2,2018,2,Stable,42.5,High pressure growth areas,limited housing supply,1084.0,0.183,5.7,1.2,855
Carlow,2018Q3,2018,3,Stable,43.9,High pressure growth areas,limited housing supply,961.0,0.202,7.2,1.2,855
Carlow,2018Q4,2018,4,Stable,44.2,High pressure growth areas,limited housing supply,915.0,0.198,6.6,1.2,855
Carlow,2019Q1,2019,1,Stable,41.8,High pressure growth areas,population growth,1023.0,0.2,6.5,1.9,855
Carlow,2019Q2,2019,2,Stable,42.6,High pressure growth areas,population growth,941.0,0.211,7.7,1.9,855
Carlow,2019Q3,2019,3,Stable,42.2,High pressure growth areas,population growth,923.0,0.209,7.2,1.9,855
Carlow,2019Q4,2019,4,Stable,42.0,High pressure growth areas,population growth,882.0,0.204,6.4,1.9,855
Carlow,2020Q1,2020,1,Stable,44.7,High pressure growth areas,rent growth,940.0,0.222,6.7,1.0,855
Carlow,2020Q2,2020,2,Stable,44.7,High pressure growth areas,rent growth,916.0,0.22,5.8,1.0,855
Carlow,2020Q3,2020,3,Stable,44.4,High pressure growth areas,rent growth,903.0,0.217,4.4,1.0,855
Carlow,2020Q4,2020,4,Stable,44.3,High pressure growth areas,rent growth,924.0,0.196,4.5,1.0,855
Carlow,2021Q1,2021,1,Stable,43.1,High pressure growth areas,rent growth,777.0,0.185,5.1,1.3,339
Carlow,2021Q2,2021,2,Stable,42.8,High pressure growth areas,population growth,838.0,0.174,5.2,1.3,391
Carlow,2021Q3,2021,3,Stable,42.7,High pressure growth areas,population growth,872.0,0.157,6.1,1.3,365
Carlow,2021Q4,2021,4,Stable,42.8,High pressure growth areas,population growth,1005.0,0.142,6.6,1.3,494
Carlow,2022Q1,2022,1,Stable,43.0,High pressure growth areas,limited housing supply,1207.0,0.131,7.0,2.1,484
Carlow,2022Q2,2022,2,Stable,42.9,High pressure growth areas,limited housing supply,1202.0,0.138,8.3,2.1,596
Carlow,2022Q3,2022,3,Stable,43.3,High pressure growth areas,limited housing supply,1091.0,0.147,10.0,2.1,581
Carlow,2022Q4,2022,4,Stable,43.4,High pressure growth areas,limited housing supply,1037.0,0.151,10.9,2.1,648
Carlow,2023Q1,2023,1,Stable,41.7,High pressure growth areas,limited housing supply,1133.0,0.152,8.5,1.9,580
Carlow,2023Q2,2023,2,Stable,41.7,High pressure growth areas,limited housing supply,1036.0,0.16,8.6,1.9,567
Carlow,2023Q3,2023,3,Stable,41.8,High pressure growth areas,limited housing supply,1077.0,0.158,8.5,1.9,659
Carlow,2023Q4,2023,4,Stable,41.8,High pressure growth areas,limited housing supply,1187.0,0.138,8.1,1.9,726
Carlow,2024Q1,2024,1,Stable,42.5,High pressure growth areas,limited housing supply,1174.0,0.14,9.0,1.4,511
Carlow,2024Q2,2024,2,Stable,42.3,High pressure growth areas,limited housing supply,1190.0,0.135,8.3,1.4,530
Carlow,2024Q3,2024,3,Stable,42.1,High pressure growth areas,limited housing supply,1302.0,0.132,9.0,1.4,694
Carlow,2024Q4,2024,4,Stable,42.0,High pressure growth areas,limited housing supply,1213.0,0.127,9.7,1.4,618
Carlow,2025Q1,2025,1,Stable,36.0,High pressure growth areas,population growth,1344.0,0.121,9.5,2.2,524
Carlow,2025Q2,2025,2,Stable,36.8,High pressure growth areas,population growth,1408.0,0.126,11.1,2.2,720
Carlow,2025Q3,2025,3,Stable,38.3,High pressure growth areas,rent growth,1329.0,0.13,12.4,2.2,718
Cavan,2018Q1,2018,1,Lower pressure,19.6,Stressed low-supply markets,limited housing supply,959.0,0.185,5.3,1.3,583
Cavan,2018Q2,2018,2,Lower pressure,19.7,Stressed low-supply markets,limited housing supply,955.0,0.178,5.1,1.3,583
Cavan,2018Q3,2018,3,Lower pressure,20.1,Stressed low-supply markets,limited housing supply,889.0,0.187,5.1,1.3,583
Cavan,2018Q4,2018,4,Lower pressure,21.1,Stressed low-supply markets,limited housing supply,793.0,0.197,6.6,1.3,583
Cavan,2019Q1,2019,1,Lower pressure,22.7,Stressed low-supply markets,limited housing supply,810.0,0.223,7.3,0.9,583
Cavan,2019Q2,2019,2,Lower pressure,22.9,Stressed low-supply markets,limited housing supply,770.0,0.227,7.5,0.9,583
Cavan,2019Q3,2019,3,Lower pressure,23.3,Stressed low-supply markets,limited housing supply,714.0,0.238,8.8,0.9,583
Cavan,2019Q4,2019,4,Lower pressure,23.1,Stressed low-supply markets,limited housing supply,681.0,0.234,8.1,0.9,583
Cavan,2020Q1,2020,1,Lower pressure,23.1,Stressed low-supply markets,rent growth,768.0,0.238,7.2,0.4,583
Cavan,2020Q2,2020,2,Lower pressure,23.0,Stressed low-supply markets,rent growth,749.0,0.236,6.3,0.4,583
Cavan,2020Q3,2020,3,Lower pressure,22.4,Stressed low-supply markets,limited housing supply,760.0,0.225,3.9,0.4,583
Cavan,2020Q4,2020,4,Lower pressure,21.4,Stressed low-supply markets,limited housing supply,832.0,0.189,1.9,0.4,583
Cavan,2021Q1,2021,1,Lower pressure,20.0,Stressed low-supply markets,limited housing supply,743.0,0.166,1.3,1.1,231
Cavan,2021Q2,2021,2,Lower pressure,20.0,Stressed low-supply markets,limited housing supply,785.0,0.159,2.1,1.1,266
Cavan,2021Q3,2021,3,Lower pressure,19.8,Stressed low-supply markets,limited housing supply,819.0,0.143,3.0,1.1,249
Cavan,2021Q4,2021,4,Lower pressure,20.2,Stressed low-supply markets,arrears risk,900.0,0.136,5.0,1.1,337
Cavan,2022Q1,2022,1,Lower pressure,22.3,Stressed low-supply markets,arrears risk,957.0,0.146,8.3,1.4,330
Cavan,2022Q2,2022,2,Lower pressure,22.3,Stressed low-supply markets,limited housing supply,932.0,0.157,10.3,1.4,406
Cavan,2022Q3,2022,3,Lower pressure,22.8,Stressed low-supply markets,limited housing supply,824.0,0.172,12.8,1.4,396
Cavan,2022Q4,2022,4,Lower pressure,24.1,Stressed low-supply markets,rent growth,721.0,0.194,16.4,1.4,441
Cavan,2023Q1,2023,1,Lower pressure,22.8,Stressed low-supply markets,rent growth,840.0,0.18,12.9,1.7,396
Cavan,2023Q2,2023,2,Lower pressure,23.1,Stressed low-supply markets,limited housing supply,768.0,0.189,13.1,1.7,387
Cavan,2023Q3,2023,3,Lower pressure,23.3,Stressed low-supply markets,limited housing supply,811.0,0.184,12.4,1.7,449
Cavan,2023Q4,2023,4,Lower pressure,23.0,Stressed low-supply markets,limited housing supply,925.0,0.154,10.9,1.7,495
Cavan,2024Q1,2024,1,Lower pressure,22.7,Stressed low-supply markets,limited housing supply,846.0,0.17,15.0,1.6,348
Cavan,2024Q2,2024,2,Lower pressure,22.2,Stressed low-supply markets,limited housing supply,865.0,0.162,14.1,1.6,362
Cavan,2024Q3,2024,3,Lower pressure,20.8,Stressed low-supply markets,limited housing supply,999.0,0.15,13.0,1.6,473
Cavan,2024Q4,2024,4,Lower pressure,20.4,Stressed low-supply markets,limited housing supply,953.0,0.14,12.9,1.6,421
Cavan,2025Q1,2025,1,Lower pressure,19.1,Stressed low-supply markets,limited housing supply,1026.0,0.141,10.7,0.7,357
Cavan,2025Q2,2025,2,Lower pressure,19.4,Stressed low-supply markets,limited housing supply,1118.0,0.141,10.9,0.7,490
Cavan,2025Q3,2025,3,Lower pressure,20.7,Stressed low-supply markets,limited housing supply,1095.0,0.14,11.1,0.7,489
Clare,2018Q1,2018,1,Stable,25.5,High pressure growth areas,population growth,987.0,0.187,7.5,2.1,666
Clare,2018Q2,2018,2,Stable,25.9,High pressure growth areas,population growth,965.0,0.184,8.0,2.1,666
Clare,2018Q3,2018,3,Stable,26.0,High pressure growth areas,population growth,920.0,0.188,7.2,2.1,666
Clare,2018Q4,2018,4,Stable,26.0,High pressure growth areas,population growth,892.0,0.181,5.9,2.1,666
Clare,2019Q1,2019,1,Stable,30.0,High pressure growth areas,limited housing supply,875.0,0.217,6.5,0.9,666
Clare,2019Q2,2019,2,Stable,30.1,High pressure growth areas,limited housing supply,836.0,0.219,6.6,0.9,666
Clare,2019Q3,2019,3,Stable,29.7,High pressure growth areas,limited housing supply,824.0,0.216,5.9,0.9,666
Clare,2019Q4,2019,4,Stable,30.4,High pressure growth areas,limited housing supply,739.0,0.226,7.1,0.9,666
Clare,2020Q1,2020,1,Stable,28.7,High pressure growth areas,limited housing supply,879.0,0.216,5.6,0.9,666
Clare,2020Q2,2020,2,Stable,28.4,High pressure growth areas,limited housing supply,873.0,0.209,4.0,0.9,666
Clare,2020Q3,2020,3,Stable,28.2,High pressure growth areas,limited housing supply,854.0,0.207,2.8,0.9,666
Clare,2020Q4,2020,4,Stable,27.8,High pressure growth areas,limited housing supply,896.0,0.183,2.2,0.9,666
Clare,2021Q1,2021,1,Stable,30.5,High pressure growth areas,limited housing supply,712.0,0.186,2.9,0.3,264
Clare,2021Q2,2021,2,Stable,30.7,High pressure growth areas,limited housing supply,740.0,0.182,4.2,0.3,304
Clare,2021Q3,2021,3,Stable,30.9,High pressure growth areas,limited housing supply,753.0,0.168,5.8,0.3,285
Clare,2021Q4,2021,4,Stable,31.3,High pressure growth areas,limited housing supply,842.0,0.157,7.3,0.3,385
Clare,2022Q1,2022,1,Stable,27.0,High pressure growth areas,population growth,1051.0,0.137,9.0,2.5,378
Clare,2022Q2,2022,2,Stable,25.8,High pressure growth areas,population growth,1118.0,0.134,8.2,2.5,465
Clare,2022Q3,2022,3,Stable,26.0,High pressure growth areas,population growth,1012.0,0.143,10.0,2.5,453
Clare,2022Q4,2022,4,Stable,26.0,High pressure growth areas,population growth,972.0,0.146,10.5,2.5,505
Clare,2023Q1,2023,1,Lower pressure,24.7,High pressure growth areas,population growth,1098.0,0.14,8.2,2.9,452
Clare,2023Q2,2023,2,Stable,25.4,High pressure growth areas,population growth,970.0,0.152,9.4,2.9,442
Clare,2023Q3,2023,3,Stable,25.8,High pressure growth areas,population growth,1005.0,0.151,9.4,2.9,513
Clare,2023Q4,2023,4,Stable,26.7,High pressure growth areas,population growth,1039.0,0.141,11.0,2.9,566
Clare,2024Q1,2024,1,Stable,26.7,High pressure growth areas,limited housing supply,994.0,0.149,13.1,2.4,398
Clare,2024Q2,2024,2,Stable,26.4,High pressure growth areas,limited housing supply,1001.0,0.144,12.7,2.4,413
Clare,2024Q3,2024,3,Stable,25.6,High pressure growth areas,limited housing supply,1118.0,0.139,12.7,2.4,541
Clare,2024Q4,2024,4,Lower pressure,24.3,High pressure growth areas,limited housing supply,1142.0,0.12,10.4,2.4,482
Clare,2025Q1,2025,1,Lower pressure,24.9,High pressure growth areas,limited housing supply,1199.0,0.126,7.5,0.8,408
Clare,2025Q2,2025,2,Stable,25.2,High pressure growth areas,limited housing supply,1301.0,0.126,7.9,0.8,561
Clare,2025Q3,2025,3,Stable,26.1,High pressure growth areas,limited housing supply,1308.0,0.122,7.2,0.8,559
Cork,2018Q1,2018,1,Watchlist,46.0,High pressure growth areas,limited housing supply,1033.0,0.204,8.1,1.2,892
Cork,2018Q2,2018,2,Watchlist,45.8,High pressure growth areas,arrears risk,1068.0,0.189,6.7,1.2,892
Cork,2018Q3,2018,3,Watchlist,46.1,High pressure growth areas,arrears risk,1015.0,0.194,6.0,1.2,892
Cork,2018Q4,2018,4,Watchlist,46.5,High pressure growth areas,arrears risk,964.0,0.19,5.4,1.2,892
Cork,2019Q1,2019,1,Watchlist,46.6,High pressure growth areas,arrears risk,1040.0,0.203,5.0,1.1,892
Cork,2019Q2,2019,2,Watchlist,46.8,High pressure growth areas,arrears risk,992.0,0.205,5.1,1.1,892
Cork,2019Q3,2019,3,Watchlist,46.6,High pressure growth areas,arrears risk,966.0,0.205,4.8,1.1,892
Cork,2019Q4,2019,4,Watchlist,47.0,High pressure growth areas,limited housing supply,892.0,0.207,5.1,1.1,892
Cork,2020Q1,2020,1,Stable,43.8,High pressure growth areas,population growth,1076.0,0.193,4.2,1.7,892
Cork,2020Q2,2020,2,Stable,44.0,High pressure growth areas,population growth,1037.0,0.194,3.7,1.7,892
Cork,2020Q3,2020,3,Stable,44.2,High pressure growth areas,population growth,987.0,0.198,3.4,1.7,892
Cork,2020Q4,2020,4,Stable,43.8,High pressure growth areas,population growth,1028.0,0.176,3.0,1.7,892
Cork,2021Q1,2021,1,Watchlist,47.6,High pressure growth areas,limited housing supply,803.0,0.184,3.0,0.5,354
Cork,2021Q2,2021,2,Watchlist,47.6,High pressure growth areas,limited housing supply,853.0,0.176,3.6,0.5,408
Cork,2021Q3,2021,3,Watchlist,47.2,High pressure growth areas,limited housing supply,904.0,0.155,3.9,0.5,381
Cork,2021Q4,2021,4,Watchlist,47.3,High pressure growth areas,limited housing supply,1044.0,0.14,4.3,0.5,515
Cork,2022Q1,2022,1,Watchlist,45.4,High pressure growth areas,limited housing supply,1287.0,0.125,5.3,2.0,506
Cork,2022Q2,2022,2,Stable,44.6,High pressure growth areas,limited housing supply,1339.0,0.125,5.2,2.0,623
Cork,2022Q3,2022,3,Stable,44.6,High pressure growth areas,limited housing supply,1248.0,0.13,6.0,2.0,606
Cork,2022Q4,2022,4,Stable,44.2,High pressure growth areas,limited housing supply,1216.0,0.13,6.1,2.0,676
Cork,2023Q1,2023,1,Stable,43.8,High pressure growth areas,limited housing supply,1265.0,0.138,4.8,1.6,606
Cork,2023Q2,2023,2,Stable,44.2,High pressure growth areas,limited housing supply,1122.0,0.15,5.9,1.6,592
Cork,2023Q3,2023,3,Stable,44.4,High pressure growth areas,limited housing supply,1159.0,0.149,6.0,1.6,687
Cork,2023Q4,2023,4,Watchlist,45.0,High pressure growth areas,limited housing supply,1225.0,0.136,6.9,1.6,757
Cork,2024Q1,2024,1,Stable,43.2,High pressure growth areas,limited housing supply,1262.0,0.131,8.0,1.9,533
Cork,2024Q2,2024,2,Stable,43.5,High pressure growth areas,limited housing supply,1241.0,0.13,8.4,1.9,554
Cork,2024Q3,2024,3,Stable,43.4,High pressure growth areas,limited housing supply,1344.0,0.129,9.4,1.9,725
Cork,2024Q4,2024,4,Stable,42.8,High pressure growth areas,limited housing supply,1301.0,0.119,8.8,1.9,645
Cork,2025Q1,2025,1,Stable,41.4,High pressure growth areas,limited housing supply,1282.0,0.131,10.1,1.4,547
Cork,2025Q2,2025,2,Stable,41.1,High pressure growth areas,limited housing supply,1456.0,0.125,9.1,1.4,751
Cork,2025Q3,2025,3,Stable,41.8,High pressure growth areas,limited housing supply,1448.0,0.122,8.7,1.4,749
Donegal,2018Q1,2018,1,Lower pressure,18.3,Stressed low-supply markets,limited housing supply,920.0,0.191,6.7,1.5,568
Donegal,2018Q2,2018,2,Lower pressure,18.1,Stressed low-supply markets,limited housing supply,937.0,0.18,5.8,1.5,568
Donegal,2018Q3,2018,3,Lower pressure,18.4,Stressed low-supply markets,limited housing supply,876.0,0.187,5.6,1.5,568
Donegal,2018Q4,2018,4,Lower pressure,18.2,Stressed low-supply markets,limited housing supply,856.0,0.178,4.1,1.5,568
Donegal,2019Q1,2019,1,Lower pressure,18.8,Stressed low-supply markets,limited housing supply,929.0,0.189,3.1,1.2,568
Donegal,2019Q2,2019,2,Lower pressure,19.0,Stressed low-supply markets,limited housing supply,880.0,0.193,3.4,1.2,568
Donegal,2019Q3,2019,3,Lower pressure,18.8,Stressed low-supply markets,limited housing supply,857.0,0.192,3.1,1.2,568
Donegal,2019Q4,2019,4,Lower pressure,19.3,Stressed low-supply markets,limited housing supply,771.0,0.201,4.2,1.2,568
Donegal,2020Q1,2020,1,Lower pressure,19.8,Stressed low-supply markets,limited housing supply,843.0,0.213,4.2,0.5,568
Donegal,2020Q2,2020,2,Lower pressure,20.2,Stressed low-supply markets,limited housing supply,798.0,0.217,4.2,0.5,568
Donegal,2020Q3,2020,3,Lower pressure,20.1,Stressed low-supply markets,limited housing supply,777.0,0.216,3.2,0.5,568
Donegal,2020Q4,2020,4,Lower pressure,19.8,Stressed low-supply markets,limited housing supply,808.0,0.193,2.8,0.5,568
Donegal,2021Q1,2021,1,Lower pressure,19.3,Stressed low-supply markets,limited housing supply,693.0,0.177,3.4,1.2,225
Donegal,2021Q2,2021,2,Lower pressure,18.9,Stressed low-supply markets,limited housing supply,753.0,0.165,3.3,1.2,259
Donegal,2021Q3,2021,3,Lower pressure,19.1,Stressed low-supply markets,limited housing supply,765.0,0.153,5.0,1.2,243
Donegal,2021Q4,2021,4,Lower pressure,19.0,Stressed low-supply markets,limited housing supply,868.0,0.14,6.0,1.2,328
Donegal,2022Q1,2022,1,Lower pressure,21.6,Stressed low-supply markets,arrears risk,924.0,0.15,8.7,1.2,322
Donegal,2022Q2,2022,2,Lower pressure,22.0,Stressed low-supply markets,arrears risk,874.0,0.168,11.7,1.2,396
Donegal,2022Q3,2022,3,Lower pressure,21.7,Stressed low-supply markets,limited housing supply,818.0,0.172,12.4,1.2,386
Donegal,2022Q4,2022,4,Lower pressure,21.9,Stressed low-supply markets,arrears risk,775.0,0.178,13.4,1.2,430
Donegal,2023Q1,2023,1,Lower pressure,18.3,Stressed low-supply markets,rent growth,894.0,0.164,12.8,2.9,385
Donegal,2023Q2,2023,2,Lower pressure,18.6,Stressed low-supply markets,limited housing supply,819.0,0.172,12.9,2.9,377
Donegal,2023Q3,2023,3,Lower pressure,20.0,Stressed low-supply markets,rent growth,788.0,0.184,15.2,2.9,437
Donegal,2023Q4,2023,4,Lower pressure,20.4,Stressed low-supply markets,rent growth,844.0,0.166,15.7,2.9,482
Donegal,2024Q1,2024,1,Lower pressure,20.8,Stressed low-supply markets,rent growth,819.0,0.173,16.4,1.9,339
Donegal,2024Q2,2024,2,Lower pressure,20.4,Stressed low-supply markets,limited housing supply,832.0,0.166,15.7,1.9,352
Donegal,2024Q3,2024,3,Lower pressure,18.2,Stressed low-supply markets,limited housing supply,1022.0,0.144,12.7,1.9,461
Donegal,2024Q4,2024,4,Lower pressure,17.4,Stressed low-supply markets,limited housing supply,1008.0,0.13,11.5,1.9,411
Donegal,2025Q1,2025,1,Lower pressure,18.5,Stressed low-supply markets,limited housing supply,972.0,0.148,11.9,0.6,348
Donegal,2025Q2,2025,2,Lower pressure,18.1,Stressed low-supply markets,limited housing supply,1121.0,0.139,10.3,0.6,478
Donegal,2025Q3,2025,3,Lower pressure,19.2,Stressed low-supply markets,limited housing supply,1112.0,0.136,10.1,0.6,477
Dublin,2018Q1,2018,1,High pressure,67.3,Expanding high-demand markets,rent level,1169.0,0.203,9.0,1.6,1241
Dublin,2018Q2,2018,2,High pressure,67.7,Expanding high-demand markets,rent level,1175.0,0.195,8.5,1.6,1241
Dublin,2018Q3,2018,3,High pressure,68.3,Expanding high-demand markets,rent level,1104.0,0.202,8.2,1.6,1241
Dublin,2018Q4,2018,4,High pressure,68.8,Expanding high-demand markets,rent level,1054.0,0.197,7.5,1.6,1241
Dublin,2019Q1,2019,1,High pressure,67.0,Expanding high-demand markets,rent level,1180.0,0.2,6.5,1.9,1241
Dublin,2019Q2,2019,2,High pressure,67.1,Expanding high-demand markets,rent level,1143.0,0.199,6.1,1.9,1241
Dublin,2019Q3,2019,3,High pressure,66.3,Expanding high-demand markets,rent level,1147.0,0.192,4.9,1.9,1241
Dublin,2019Q4,2019,4,High pressure,66.2,Expanding high-demand markets,rent level,1097.0,0.188,4.1,1.9,1241
Dublin,2020Q1,2020,1,High pressure,67.2,Expanding high-demand markets,rent level,1230.0,0.192,4.0,1.7,1241
Dublin,2020Q2,2020,2,High pressure,67.0,Expanding high-demand markets,rent level,1210.0,0.188,2.8,1.7,1241
Dublin,2020Q3,2020,3,High pressure,67.1,Expanding high-demand markets,rent level,1162.0,0.19,2.2,1.7,1241
Dublin,2020Q4,2020,4,High pressure,66.5,Expanding high-demand markets,rent level,1219.0,0.168,1.6,1.7,1241
Dublin,2021Q1,2021,1,High pressure,67.6,Expanding high-demand markets,rent level,996.0,0.166,0.8,0.9,492
Dublin,2021Q2,2021,2,High pressure,67.4,Expanding high-demand markets,rent level,1067.0,0.157,1.2,0.9,567
Dublin,2021Q3,2021,3,High pressure,67.1,Expanding high-demand markets,rent level,1129.0,0.139,1.6,0.9,530
Dublin,2021Q4,2021,4,High pressure,67.6,Expanding high-demand markets,rent level,1297.0,0.126,2.2,0.9,717
Dublin,2022Q1,2022,1,High pressure,66.8,Expanding high-demand markets,rent level,1563.0,0.115,3.8,2.4,703
Dublin,2022Q2,2022,2,High pressure,66.9,Expanding high-demand markets,rent level,1563.0,0.121,5.0,2.4,865
Dublin,2022Q3,2022,3,High pressure,66.7,Expanding high-demand markets,rent level,1485.0,0.123,5.2,2.4,843
Dublin,2022Q4,2022,4,High pressure,66.8,Expanding high-demand markets,rent level,1405.0,0.127,6.3,2.4,940
Dublin,2023Q1,2023,1,Watchlist,62.9,Expanding high-demand markets,rent level,1457.0,0.135,5.7,2.3,842
Dublin,2023Q2,2023,2,Watchlist,62.5,Expanding high-demand markets,rent level,1337.0,0.141,5.7,2.3,823
Dublin,2023Q3,2023,3,Watchlist,62.4,Expanding high-demand markets,rent level,1383.0,0.14,5.7,2.3,956
Dublin,2023Q4,2023,4,Watchlist,62.4,Expanding high-demand markets,rent level,1517.0,0.122,5.4,2.3,1053
Dublin,2024Q1,2024,1,Watchlist,62.5,Expanding high-demand markets,rent level,1550.0,0.119,6.2,2.2,742
Dublin,2024Q2,2024,2,Watchlist,62.7,Expanding high-demand markets,rent level,1553.0,0.116,5.9,2.2,770
Dublin,2024Q3,2024,3,Watchlist,62.5,Expanding high-demand markets,rent level,1740.0,0.112,5.9,2.2,1008
Dublin,2024Q4,2024,4,Watchlist,62.0,Expanding high-demand markets,rent level,1667.0,0.103,5.6,2.2,897
Dublin,2025Q1,2025,1,Watchlist,58.1,Expanding high-demand markets,rent level,1759.0,0.105,5.5,2.2,760
Dublin,2025Q2,2025,2,Watchlist,57.7,Expanding high-demand markets,rent level,1982.0,0.101,4.7,2.2,1044
Dublin,2025Q3,2025,3,Watchlist,58.3,Expanding high-demand markets,rent level,1954.0,0.1,4.6,2.2,1042
Galway,2018Q1,2018,1,Stable,38.0,High pressure growth areas,limited housing supply,979.0,0.205,8.1,1.2,783
Galway,2018Q2,2018,2,Stable,38.2,High pressure growth areas,limited housing supply,982.0,0.196,7.7,1.2,783
Galway,2018Q3,2018,3,Stable,38.5,High pressure growth areas,limited housing supply,930.0,0.202,7.1,1.2,783
Galway,2018Q4,2018,4,Stable,38.7,High pressure growth areas,limited housing supply,889.0,0.197,6.3,1.2,783
Galway,2019Q1,2019,1,Stable,38.5,High pressure growth areas,limited housing supply,946.0,0.212,6.8,1.3,783
Galway,2019Q2,2019,2,Stable,39.0,High pressure growth areas,limited housing supply,888.0,0.219,7.4,1.3,783
Galway,2019Q3,2019,3,Stable,38.8,High pressure growth areas,limited housing supply,863.0,0.218,7.2,1.3,783
Galway,2019Q4,2019,4,Stable,38.6,High pressure growth areas,limited housing supply,823.0,0.214,6.4,1.3,783
Galway,2020Q1,2020,1,Stable,36.4,High pressure growth areas,limited housing supply,971.0,0.205,5.7,1.6,783
Galway,2020Q2,2020,2,Stable,36.2,High pressure growth areas,limited housing supply,958.0,0.2,4.4,1.6,783
Galway,2020Q3,2020,3,Stable,36.2,High pressure growth areas,rent growth,930.0,0.2,3.4,1.6,783
Galway,2020Q4,2020,4,Stable,35.9,High pressure growth areas,rent growth,962.0,0.179,3.2,1.6,783
Galway,2021Q1,2021,1,Stable,39.4,High pressure growth areas,limited housing supply,754.0,0.186,3.6,0.6,311
Galway,2021Q2,2021,2,Stable,39.5,High pressure growth areas,limited housing supply,792.0,0.18,4.6,0.6,358
Galway,2021Q3,2021,3,Stable,39.3,High pressure growth areas,limited housing supply,827.0,0.162,5.4,0.6,335
Galway,2021Q4,2021,4,Stable,39.3,High pressure growth areas,limited housing supply,959.0,0.145,5.7,0.6,453
Galway,2022Q1,2022,1,Stable,36.0,High pressure growth areas,population growth,1227.0,0.124,5.8,2.3,444
Galway,2022Q2,2022,2,Stable,35.1,High pressure growth areas,population growth,1281.0,0.124,5.6,2.3,546
Galway,2022Q3,2022,3,Stable,35.1,High pressure growth areas,population growth,1182.0,0.13,6.8,2.3,532
Galway,2022Q4,2022,4,Stable,35.0,High pressure growth areas,population growth,1140.0,0.131,7.2,2.3,593
Galway,2023Q1,2023,1,Stable,33.1,High pressure growth areas,population growth,1215.0,0.134,6.9,2.8,532
Galway,2023Q2,2023,2,Stable,33.8,High pressure growth areas,population growth,1065.0,0.147,8.4,2.8,520
Galway,2023Q3,2023,3,Stable,33.8,High pressure growth areas,population growth,1127.0,0.143,7.6,2.8,603
Galway,2023Q4,2023,4,Stable,34.3,High pressure growth areas,population growth,1205.0,0.129,8.2,2.8,665
Galway,2024Q1,2024,1,Stable,37.9,High pressure growth areas,limited housing supply,1073.0,0.149,10.9,1.5,468
Galway,2024Q2,2024,2,Stable,37.9,High pressure growth areas,limited housing supply,1072.0,0.145,10.7,1.5,486
Galway,2024Q3,2024,3,Stable,37.3,High pressure growth areas,limited housing supply,1191.0,0.141,10.9,1.5,636
Galway,2024Q4,2024,4,Stable,37.0,High pressure growth areas,limited housing supply,1128.0,0.132,11.0,1.5,566
Galway,2025Q1,2025,1,Stable,31.6,High pressure growth areas,population growth,1245.0,0.127,10.7,2.1,480
Galway,2025Q2,2025,2,Stable,31.5,High pressure growth areas,population growth,1394.0,0.123,10.1,2.1,659
Galway,2025Q3,2025,3,Stable,32.1,High pressure growth areas,population growth,1413.0,0.117,9.2,2.1,658
Kerry,2018Q1,2018,1,Lower pressure,25.0,High pressure growth areas,limited housing supply,903.0,0.204,8.7,1.5,634
Kerry,2018Q2,2018,2,Stable,25.1,High pressure growth areas,limited housing supply,901.0,0.196,8.5,1.5,634
Kerry,2018Q3,2018,3,Stable,25.2,High pressure growth areas,limited housing supply,859.0,0.2,7.7,1.5,634
Kerry,2018Q4,2018,4,Stable,25.3,High pressure growth areas,limited housing supply,824.0,0.195,6.8,1.5,634
Kerry,2019Q1,2019,1,Stable,25.8,High pressure growth areas,limited housing supply,894.0,0.207,5.8,1.2,634
Kerry,2019Q2,2019,2,Stable,25.7,High pressure growth areas,limited housing supply,873.0,0.204,5.1,1.2,634
Kerry,2019Q3,2019,3,Stable,25.9,High pressure growth areas,limited housing supply,824.0,0.21,5.9,1.2,634
Kerry,2019Q4,2019,4,Stable,26.3,High pressure growth areas,limited housing supply,753.0,0.216,6.5,1.2,634
Kerry,2020Q1,2020,1,Lower pressure,22.4,High pressure growth areas,population growth,895.0,0.204,6.6,2.1,634
Kerry,2020Q2,2020,2,Lower pressure,22.4,High pressure growth areas,population growth,874.0,0.201,5.6,2.1,634
Kerry,2020Q3,2020,3,Lower pressure,22.2,High pressure growth areas,population growth,857.0,0.199,4.3,2.1,634
Kerry,2020Q4,2020,4,Lower pressure,21.9,High pressure growth areas,population growth,889.0,0.178,4.0,2.1,634
Kerry,2021Q1,2021,1,Stable,26.5,High pressure growth areas,limited housing supply,712.0,0.181,3.0,0.7,251
Kerry,2021Q2,2021,2,Stable,26.5,High pressure growth areas,limited housing supply,754.0,0.174,3.7,0.7,290
Kerry,2021Q3,2021,3,Stable,26.3,High pressure growth areas,limited housing supply,791.0,0.155,4.4,0.7,271
Kerry,2021Q4,2021,4,Stable,26.3,High pressure growth areas,limited housing supply,899.0,0.142,5.3,0.7,366
Kerry,2022Q1,2022,1,Lower pressure,22.6,High pressure growth areas,population growth,1117.0,0.125,6.8,2.7,359
Kerry,2022Q2,2022,2,Lower pressure,22.2,High pressure growth areas,population growth,1117.0,0.131,7.9,2.7,442
Kerry,2022Q3,2022,3,Lower pressure,22.9,High pressure growth areas,population growth,969.0,0.147,11.1,2.7,431
Kerry,2022Q4,2022,4,Lower pressure,23.1,High pressure growth areas,population growth,916.0,0.152,12.2,2.7,480
Kerry,2023Q1,2023,1,Lower pressure,21.7,High pressure growth areas,population growth,1030.0,0.146,10.5,3.3,430
Kerry,2023Q2,2023,2,Lower pressure,21.8,High pressure growth areas,population growth,962.0,0.15,9.9,3.3,421
Kerry,2023Q3,2023,3,Lower pressure,21.9,High pressure growth areas,population growth,1022.0,0.144,9.1,3.3,488
Kerry,2023Q4,2023,4,Lower pressure,21.7,High pressure growth areas,population growth,1158.0,0.122,7.8,3.3,538
Kerry,2024Q1,2024,1,Lower pressure,21.2,High pressure growth areas,population growth,1099.0,0.129,10.3,3.0,379
Kerry,2024Q2,2024,2,Lower pressure,21.4,High pressure growth areas,population growth,1069.0,0.13,11.0,3.0,393
Kerry,2024Q3,2024,3,Lower pressure,21.1,High pressure growth areas,population growth,1134.0,0.133,12.7,3.0,515
Kerry,2024Q4,2024,4,Lower pressure,21.1,High pressure growth areas,population growth,1053.0,0.127,13.4,3.0,458
Kerry,2025Q1,2025,1,Lower pressure,23.5,High pressure growth areas,limited housing supply,1024.0,0.146,12.3,1.0,388
Kerry,2025Q2,2025,2,Lower pressure,23.5,High pressure growth areas,limited housing supply,1144.0,0.142,11.8,1.0,534
Kerry,2025Q3,2025,3,Lower pressure,23.9,High pressure growth areas,limited housing supply,1188.0,0.132,10.0,1.0,532
Kildare,2018Q1,2018,1,Critical,94.4,Mature high-value stable markets,arrears risk,1442.0,0.189,7.8,2.0,1821
Kildare,2018Q2,2018,2,Critical,94.7,Mature high-value stable markets,arrears risk,1474.0,0.177,6.8,2.0,1821
Kildare,2018Q3,2018,3,Critical,95.0,Mature high-value stable markets,arrears risk,1422.0,0.179,5.6,2.0,1821
Kildare,2018Q4,2018,4,Critical,95.2,Mature high-value stable markets,arrears risk,1393.0,0.17,4.1,2.0,1821
Kildare,2019Q1,2019,1,Critical,95.9,Mature high-value stable markets,arrears risk,1486.0,0.184,3.6,1.7,1821
Kildare,2019Q2,2019,2,Critical,96.8,Mature high-value stable markets,arrears risk,1390.0,0.19,4.3,1.7,1821
Kildare,2019Q3,2019,3,Critical,97.0,Mature high-value stable markets,arrears risk,1329.0,0.193,4.6,1.7,1821
Kildare,2019Q4,2019,4,Critical,97.9,Mature high-value stable markets,arrears risk,1217.0,0.198,5.1,1.7,1821
Kildare,2020Q1,2020,1,Critical,98.3,Mature high-value stable markets,population growth,1330.0,0.206,7.2,2.2,1821
Kildare,2020Q2,2020,2,Critical,98.1,Mature high-value stable markets,population growth,1312.0,0.201,5.9,2.2,1821
Kildare,2020Q3,2020,3,Critical,97.8,Mature high-value stable markets,population growth,1282.0,0.199,4.7,2.2,1821
Kildare,2020Q4,2020,4,Critical,97.3,Mature high-value stable markets,population growth,1330.0,0.178,4.4,2.2,1821
Kildare,2021Q1,2021,1,Critical,98.0,Mature high-value stable markets,arrears risk,1090.0,0.176,3.0,1.0,722
Kildare,2021Q2,2021,2,Critical,97.3,Mature high-value stable markets,arrears risk,1198.0,0.162,2.5,1.0,832
Kildare,2021Q3,2021,3,Critical,97.3,Mature high-value stable markets,arrears risk,1250.0,0.146,3.4,1.0,778
Kildare,2021Q4,2021,4,Critical,97.4,Mature high-value stable markets,arrears risk,1494.0,0.127,2.7,1.0,1052
Kildare,2022Q1,2022,1,Critical,98.1,Mature high-value stable markets,arrears risk,1809.0,0.116,3.8,2.3,1032
Kildare,2022Q2,2022,2,Critical,98.2,Mature high-value stable markets,arrears risk,1837.0,0.119,4.5,2.3,1270
Kildare,2022Q3,2022,3,Critical,98.5,Mature high-value stable markets,population growth,1730.0,0.122,5.1,2.3,1237
Kildare,2022Q4,2022,4,Critical,98.8,Mature high-value stable markets,arrears risk,1619.0,0.128,6.5,2.3,1379
Kildare,2023Q1,2023,1,Critical,99.6,Mature high-value stable markets,arrears risk,1513.0,0.157,5.3,0.2,1236
Kildare,2023Q2,2023,2,Critical,99.2,Mature high-value stable markets,rent level,1357.0,0.168,6.1,0.2,1208
Kildare,2023Q3,2023,3,Critical,98.7,Mature high-value stable markets,arrears risk,1399.0,0.168,6.2,0.2,1403
Kildare,2023Q4,2023,4,Critical,99.3,Mature high-value stable markets,arrears risk,1482.0,0.153,7.1,0.2,1546
Kildare,2024Q1,2024,1,Critical,97.1,Mature high-value stable markets,rent level,1615.0,0.137,7.4,1.0,1088
Kildare,2024Q2,2024,2,Critical,98.0,Mature high-value stable markets,rent level,1587.0,0.136,7.7,1.0,1130
Kildare,2024Q3,2024,3,Critical,98.7,Mature high-value stable markets,rent level,1755.0,0.132,8.1,1.0,1479
Kildare,2024Q4,2024,4,Critical,97.7,Mature high-value stable markets,rent level,1722.0,0.12,7.1,1.0,1317
Kildare,2025Q1,2025,1,Critical,95.9,Mature high-value stable markets,rent level,1719.0,0.13,7.6,0.4,1116
Kildare,2025Q2,2025,2,Critical,95.5,Mature high-value stable markets,rent level,1912.0,0.128,7.2,0.4,1533
Kildare,2025Q3,2025,3,Critical,95.3,Mature high-value stable markets,rent level,1907.0,0.124,6.8,0.4,1529
Kilkenny,2018Q1,2018,1,Stable,38.5,High pressure growth areas,limited housing supply,981.0,0.205,8.0,1.1,787
Kilkenny,2018Q2,2018,2,Stable,38.8,High pressure growth areas,limited housing supply,976.0,0.198,7.8,1.1,787
Kilkenny,2018Q3,2018,3,Stable,39.8,High pressure growth areas,limited housing supply,882.0,0.214,8.8,1.1,787
Kilkenny,2018Q4,2018,4,Stable,40.0,High pressure growth areas,limited housing supply,845.0,0.209,7.9,1.1,787
Kilkenny,2019Q1,2019,1,Stable,36.4,High pressure growth areas,population growth,992.0,0.2,6.6,2.0,787
Kilkenny,2019Q2,2019,2,Stable,36.0,High pressure growth areas,population growth,984.0,0.194,5.4,2.0,787
Kilkenny,2019Q3,2019,3,Stable,35.4,High pressure growth areas,population growth,987.0,0.187,4.2,2.0,787
Kilkenny,2019Q4,2019,4,Stable,34.6,High pressure growth areas,population growth,981.0,0.175,2.1,2.0,787
Kilkenny,2020Q1,2020,1,Stable,36.1,High pressure growth areas,limited housing supply,1090.0,0.182,1.2,1.2,787
Kilkenny,2020Q2,2020,2,Stable,36.0,High pressure growth areas,limited housing supply,1068.0,0.179,0.1,1.2,787
Kilkenny,2020Q3,2020,3,Stable,35.9,High pressure growth areas,limited housing supply,1036.0,0.18,-0.8,1.2,787
Kilkenny,2020Q4,2020,4,Stable,36.1,High pressure growth areas,limited housing supply,1046.0,0.165,-0.2,1.2,787
Kilkenny,2021Q1,2021,1,Stable,34.9,High pressure growth areas,population growth,918.0,0.149,-1.1,1.4,312
Kilkenny,2021Q2,2021,2,Stable,35.3,High pressure growth areas,population growth,945.0,0.147,0.5,1.4,359
Kilkenny,2021Q3,2021,3,Stable,35.3,High pressure growth areas,population growth,974.0,0.134,1.7,1.4,336
Kilkenny,2021Q4,2021,4,Stable,35.6,High pressure growth areas,population growth,1099.0,0.124,2.9,1.4,455
Kilkenny,2022Q1,2022,1,Stable,37.3,High pressure growth areas,limited housing supply,1222.0,0.125,5.3,2.0,446
Kilkenny,2022Q2,2022,2,Stable,36.3,High pressure growth areas,limited housing supply,1281.0,0.125,4.9,2.0,549
Kilkenny,2022Q3,2022,3,Stable,36.1,High pressure growth areas,limited housing supply,1207.0,0.128,5.5,2.0,535
Kilkenny,2022Q4,2022,4,Stable,36.3,High pressure growth areas,limited housing supply,1138.0,0.132,6.6,2.0,596
Kilkenny,2023Q1,2023,1,Stable,37.2,High pressure growth areas,limited housing supply,1172.0,0.143,5.3,1.4,534
Kilkenny,2023Q2,2023,2,Stable,38.5,High pressure growth areas,limited housing supply,975.0,0.166,8.5,1.4,522
Kilkenny,2023Q3,2023,3,Stable,39.7,High pressure growth areas,limited housing supply,946.0,0.177,10.6,1.4,606
Kilkenny,2023Q4,2023,4,Stable,39.8,High pressure growth areas,limited housing supply,1034.0,0.156,10.4,1.4,668
Kilkenny,2024Q1,2024,1,Stable,40.7,High pressure growth areas,limited housing supply,993.0,0.164,12.4,0.9,470
Kilkenny,2024Q2,2024,2,Stable,40.4,High pressure growth areas,limited housing supply,1012.0,0.157,11.5,0.9,488
Kilkenny,2024Q3,2024,3,Stable,38.7,High pressure growth areas,limited housing supply,1215.0,0.139,9.2,0.9,639
Kilkenny,2024Q4,2024,4,Stable,38.9,High pressure growth areas,limited housing supply,1115.0,0.135,10.4,0.9,569
Kilkenny,2025Q1,2025,1,Stable,30.4,High pressure growth areas,population growth,1298.0,0.121,10.1,2.4,482
Kilkenny,2025Q2,2025,2,Stable,29.9,High pressure growth areas,population growth,1504.0,0.113,8.4,2.4,662
Kilkenny,2025Q3,2025,3,Stable,31.7,High pressure growth areas,population growth,1399.0,0.118,10.2,2.4,661
Laois,2018Q1,2018,1,Stable,44.8,High pressure growth areas,population growth,1005.0,0.208,10.4,2.0,896
Laois,2018Q2,2018,2,Stable,44.5,High pressure growth areas,population growth,1041.0,0.193,9.0,2.0,896
Laois,2018Q3,2018,3,Stable,44.9,High pressure growth areas,population growth,979.0,0.199,8.6,2.0,896
Laois,2018Q4,2018,4,Watchlist,45.3,High pressure growth areas,population growth,930.0,0.196,8.1,2.0,896
Laois,2019Q1,2019,1,Watchlist,47.0,High pressure growth areas,arrears risk,968.0,0.218,8.1,1.5,896
Laois,2019Q2,2019,2,Watchlist,47.5,High pressure growth areas,rent growth,905.0,0.226,8.8,1.5,896
Laois,2019Q3,2019,3,Watchlist,47.3,High pressure growth areas,arrears risk,878.0,0.226,8.6,1.5,896
Laois,2019Q4,2019,4,Watchlist,47.3,High pressure growth areas,arrears risk,833.0,0.223,8.1,1.5,896
Laois,2020Q1,2020,1,Watchlist,50.6,High pressure growth areas,rent growth,924.0,0.234,6.4,0.2,896
Laois,2020Q2,2020,2,Watchlist,49.9,High pressure growth areas,arrears risk,942.0,0.22,4.0,0.2,896
Laois,2020Q3,2020,3,Watchlist,49.4,High pressure growth areas,arrears risk,937.0,0.215,2.3,0.2,896
Laois,2020Q4,2020,4,Watchlist,48.3,High pressure growth areas,arrears risk,1022.0,0.182,0.4,0.2,896
Laois,2021Q1,2021,1,Stable,43.5,High pressure growth areas,population growth,920.0,0.157,0.4,1.4,355
Laois,2021Q2,2021,2,Stable,43.5,High pressure growth areas,population growth,969.0,0.151,1.3,1.4,409
Laois,2021Q3,2021,3,Stable,43.7,High pressure growth areas,population growth,994.0,0.138,2.7,1.4,383
Laois,2021Q4,2021,4,Stable,44.2,High pressure growth areas,population growth,1111.0,0.129,4.2,1.4,518
Laois,2022Q1,2022,1,Watchlist,45.8,High pressure growth areas,arrears risk,1288.0,0.125,5.2,2.0,508
Laois,2022Q2,2022,2,Watchlist,45.3,High pressure growth areas,arrears risk,1318.0,0.128,5.6,2.0,625
Laois,2022Q3,2022,3,Stable,44.2,High pressure growth areas,limited housing supply,1311.0,0.123,4.4,2.0,609
Laois,2022Q4,2022,4,Stable,43.8,High pressure growth areas,arrears risk,1283.0,0.123,4.4,2.0,679
Laois,2023Q1,2023,1,Stable,44.7,High pressure growth areas,arrears risk,1312.0,0.134,2.7,1.1,608
Laois,2023Q2,2023,2,Stable,45.0,High pressure growth areas,arrears risk,1174.0,0.144,3.6,1.1,594
Laois,2023Q3,2023,3,Watchlist,45.8,High pressure growth areas,arrears risk,1161.0,0.15,5.0,1.1,690
Laois,2023Q4,2023,4,Watchlist,46.9,High pressure growth areas,limited housing supply,1180.0,0.143,7.2,1.1,761
Laois,2024Q1,2024,1,Watchlist,45.7,High pressure growth areas,limited housing supply,1155.0,0.145,10.2,1.5,536
Laois,2024Q2,2024,2,Watchlist,46.1,High pressure growth areas,limited housing supply,1129.0,0.145,10.7,1.5,556
Laois,2024Q3,2024,3,Watchlist,46.7,High pressure growth areas,limited housing supply,1178.0,0.151,13.0,1.5,728
Laois,2024Q4,2024,4,Watchlist,45.9,High pressure growth areas,limited housing supply,1155.0,0.136,12.0,1.5,648
Laois,2025Q1,2025,1,Watchlist,46.8,High pressure growth areas,rent growth,1060.0,0.164,14.6,0.5,549
Laois,2025Q2,2025,2,Watchlist,46.9,High pressure growth areas,rent growth,1167.0,0.162,14.6,0.5,754
Laois,2025Q3,2025,3,Watchlist,46.7,High pressure growth areas,rent growth,1227.0,0.148,12.4,0.5,752
Leitrim,2018Q1,2018,1,Lower pressure,0.0,Stressed low-supply markets,limited housing supply,759.0,0.2,7.5,1.2,384
Leitrim,2018Q2,2018,2,Lower pressure,0.0,Stressed low-supply markets,limited housing supply,749.0,0.195,7.6,1.2,384
Leitrim,2018Q3,2018,3,Lower pressure,0.0,Stressed low-supply markets,limited housing supply,712.0,0.2,6.9,1.2,384
Leitrim,2018Q4,2018,4,Lower pressure,0.0,Stressed low-supply markets,limited housing supply,677.0,0.196,6.3,1.2,384
Leitrim,2019Q1,2019,1,Lower pressure,0.0,Stressed low-supply markets,limited housing supply,742.0,0.205,5.5,1.2,384
Leitrim,2019Q2,2019,2,Lower pressure,0.0,Stressed low-supply markets,limited housing supply,710.0,0.207,5.5,1.2,384
Leitrim,2019Q3,2019,3,Lower pressure,0.0,Stressed low-supply markets,limited housing supply,678.0,0.211,5.9,1.2,384
Leitrim,2019Q4,2019,4,Lower pressure,0.0,Stressed low-supply markets,limited housing supply,629.0,0.213,6.0,1.2,384
Leitrim,2020Q1,2020,1,Lower pressure,0.0,Stressed low-supply markets,limited housing supply,694.0,0.224,5.1,0.3,384
Leitrim,2020Q2,2020,2,Lower pressure,0.0,Stressed low-supply markets,limited housing supply,674.0,0.222,4.3,0.3,384
Leitrim,2020Q3,2020,3,Lower pressure,0.0,Stressed low-supply markets,limited housing supply,652.0,0.223,3.5,0.3,384
Leitrim,2020Q4,2020,4,Lower pressure,0.0,Stressed low-supply markets,limited housing supply,669.0,0.202,3.6,0.3,384
Leitrim,2021Q1,2021,1,Lower pressure,0.0,Stressed low-supply markets,limited housing supply,598.0,0.176,3.2,1.2,152
Leitrim,2021Q2,2021,2,Lower pressure,0.0,Stressed low-supply markets,limited housing supply,628.0,0.17,4.2,1.2,175
Leitrim,2021Q3,2021,3,Lower pressure,0.0,Stressed low-supply markets,limited housing supply,646.0,0.156,5.5,1.2,164
Leitrim,2021Q4,2021,4,Lower pressure,0.0,Stressed low-supply markets,limited housing supply,709.0,0.149,7.6,1.2,222
Leitrim,2022Q1,2022,1,Lower pressure,0.0,Stressed low-supply markets,rent growth,759.0,0.157,11.2,1.8,218
Leitrim,2022Q2,2022,2,Lower pressure,0.0,Stressed low-supply markets,rent growth,718.0,0.174,14.2,1.8,268
Leitrim,2022Q3,2022,3,Lower pressure,0.0,Stressed low-supply markets,rent growth,645.0,0.188,16.2,1.8,261
Leitrim,2022Q4,2022,4,Lower pressure,0.0,Stressed low-supply markets,rent growth,622.0,0.19,16.7,1.8,291
Leitrim,2023Q1,2023,1,Lower pressure,0.0,Stressed low-supply markets,limited housing supply,768.0,0.164,12.8,2.9,261
Leitrim,2023Q2,2023,2,Lower pressure,0.0,Stressed low-supply markets,limited housing supply,745.0,0.161,11.0,2.9,255
Leitrim,2023Q3,2023,3,Lower pressure,0.0,Stressed low-supply markets,limited housing supply,829.0,0.148,8.7,2.9,296
Leitrim,2023Q4,2023,4,Lower pressure,0.0,Stressed low-supply markets,limited housing supply,930.0,0.126,7.7,2.9,326
Leitrim,2024Q1,2024,1,Lower pressure,0.0,Stressed low-supply markets,limited housing supply,819.0,0.147,11.6,2.0,230
Leitrim,2024Q2,2024,2,Lower pressure,0.0,Stressed low-supply markets,limited housing supply,787.0,0.15,12.6,2.0,238
Leitrim,2024Q3,2024,3,Lower pressure,0.0,Stressed low-supply markets,limited housing supply,778.0,0.165,16.6,2.0,312
Leitrim,2024Q4,2024,4,Lower pressure,0.0,Stressed low-supply markets,rent growth,720.0,0.159,17.5,2.0,278
Leitrim,2025Q1,2025,1,Lower pressure,0.0,Stressed low-supply markets,limited housing supply,743.0,0.168,16.0,0.8,235
Leitrim,2025Q2,2025,2,Lower pressure,0.0,Stressed low-supply markets,limited housing supply,837.0,0.162,15.2,0.8,323
Leitrim,2025Q3,2025,3,Lower pressure,0.0,Stressed low-supply markets,limited housing supply,944.0,0.138,10.9,0.8,323
Limerick,2018Q1,2018,1,Stable,27.8,Stressed low-supply markets,limited housing supply,873.0,0.215,11.0,1.8,667
Limerick,2018Q2,2018,2,Stable,28.0,Stressed low-supply markets,limited housing supply,868.0,0.208,10.9,1.8,667
Limerick,2018Q3,2018,3,Stable,28.6,Stressed low-supply markets,rent growth,804.0,0.219,11.0,1.8,667
Limerick,2018Q4,2018,4,Stable,28.9,Stressed low-supply markets,rent growth,763.0,0.215,10.5,1.8,667
Limerick,2019Q1,2019,1,Stable,31.6,Stressed low-supply markets,rent growth,792.0,0.242,9.7,0.8,667
Limerick,2019Q2,2019,2,Stable,31.7,Stressed low-supply markets,rent growth,760.0,0.244,9.5,0.8,667
Limerick,2019Q3,2019,3,Stable,30.9,Stressed low-supply markets,limited housing supply,772.0,0.232,7.9,0.8,667
Limerick,2019Q4,2019,4,Stable,30.4,Stressed low-supply markets,limited housing supply,751.0,0.222,6.6,0.8,667
Limerick,2020Q1,2020,1,Stable,28.6,Stressed low-supply markets,limited housing supply,894.0,0.212,4.9,0.8,667
Limerick,2020Q2,2020,2,Stable,28.6,Stressed low-supply markets,limited housing supply,876.0,0.209,3.8,0.8,667
Limerick,2020Q3,2020,3,Stable,28.5,Stressed low-supply markets,limited housing supply,847.0,0.21,3.0,0.8,667
Limerick,2020Q4,2020,4,Stable,28.4,Stressed low-supply markets,limited housing supply,871.0,0.189,3.0,0.8,667
Limerick,2021Q1,2021,1,Stable,30.3,Stressed low-supply markets,limited housing supply,728.0,0.182,2.1,0.3,265
Limerick,2021Q2,2021,2,Stable,30.2,Stressed low-supply markets,limited housing supply,778.0,0.172,2.5,0.3,305
Limerick,2021Q3,2021,3,Stable,30.4,Stressed low-supply markets,limited housing supply,794.0,0.159,4.1,0.3,285
Limerick,2021Q4,2021,4,Stable,30.5,Stressed low-supply markets,arrears risk,897.0,0.147,5.2,0.3,385
Limerick,2022Q1,2022,1,Stable,30.1,Stressed low-supply markets,arrears risk,991.0,0.148,9.3,1.6,378
Limerick,2022Q2,2022,2,Stable,29.3,Stressed low-supply markets,limited housing supply,1028.0,0.149,9.3,1.6,465
Limerick,2022Q3,2022,3,Stable,30.1,Stressed low-supply markets,limited housing supply,898.0,0.166,12.2,1.6,453
Limerick,2022Q4,2022,4,Stable,29.6,Stressed low-supply markets,limited housing supply,883.0,0.164,12.0,1.6,505
Limerick,2023Q1,2023,1,Stable,26.8,Stressed low-supply markets,limited housing supply,1099.0,0.142,6.3,1.9,453
Limerick,2023Q2,2023,2,Stable,27.5,Stressed low-supply markets,limited housing supply,967.0,0.155,7.8,1.9,443
Limerick,2023Q3,2023,3,Stable,28.0,Stressed low-supply markets,limited housing supply,998.0,0.155,7.8,1.9,514
Limerick,2023Q4,2023,4,Stable,28.8,Stressed low-supply markets,limited housing supply,1034.0,0.144,9.4,1.9,566
Limerick,2024Q1,2024,1,Stable,26.0,Stressed low-supply markets,limited housing supply,1052.0,0.14,11.4,2.5,399
Limerick,2024Q2,2024,2,Stable,26.7,Stressed low-supply markets,limited housing supply,985.0,0.147,13.2,2.5,414
Limerick,2024Q3,2024,3,Stable,25.7,Stressed low-supply markets,limited housing supply,1110.0,0.14,13.0,2.5,542
Limerick,2024Q4,2024,4,Stable,25.4,Stressed low-supply markets,limited housing supply,1052.0,0.131,13.1,2.5,482
Limerick,2025Q1,2025,1,Stable,26.7,Stressed low-supply markets,rent growth,958.0,0.159,15.8,1.4,409
Limerick,2025Q2,2025,2,Stable,26.0,Stressed low-supply markets,limited housing supply,1128.0,0.146,13.6,1.4,562
Limerick,2025Q3,2025,3,Stable,27.1,Stressed low-supply markets,rent growth,1110.0,0.144,13.6,1.4,560
Longford,2018Q1,2018,1,Lower pressure,24.5,Stressed low-supply markets,limited housing supply,815.0,0.225,11.5,1.4,614
Longford,2018Q2,2018,2,Lower pressure,24.2,Stressed low-supply markets,limited housing supply,844.0,0.208,10.0,1.4,614
Longford,2018Q3,2018,3,Lower pressure,25.0,Stressed low-supply markets,rent growth,763.0,0.225,10.9,1.4,614
Longford,2018Q4,2018,4,Stable,25.3,Stressed low-supply markets,rent growth,720.0,0.223,10.6,1.4,614
Longford,2019Q1,2019,1,Stable,25.1,Stressed low-supply markets,limited housing supply,817.0,0.225,8.2,1.2,614
Longford,2019Q2,2019,2,Stable,25.2,Stressed low-supply markets,limited housing supply,785.0,0.226,8.1,1.2,614
Longford,2019Q3,2019,3,Lower pressure,24.6,Stressed low-supply markets,limited housing supply,783.0,0.22,7.1,1.2,614
Longford,2019Q4,2019,4,Lower pressure,24.2,Stressed low-supply markets,limited housing supply,756.0,0.212,5.9,1.2,614
Longford,2020Q1,2020,1,Stable,26.7,Stressed low-supply markets,rent growth,773.0,0.242,7.4,0.2,614
Longford,2020Q2,2020,2,Stable,26.6,Stressed low-supply markets,rent growth,758.0,0.238,6.3,0.2,614
Longford,2020Q3,2020,3,Stable,26.2,Stressed low-supply markets,rent growth,752.0,0.233,4.6,0.2,614
Longford,2020Q4,2020,4,Stable,26.3,Stressed low-supply markets,rent growth,765.0,0.212,5.0,0.2,614
Longford,2021Q1,2021,1,Lower pressure,22.8,Stressed low-supply markets,population growth,726.0,0.173,3.2,1.4,243
Longford,2021Q2,2021,2,Lower pressure,22.9,Stressed low-supply markets,population growth,758.0,0.168,4.4,1.4,280
Longford,2021Q3,2021,3,Lower pressure,23.3,Stressed low-supply markets,population growth,762.0,0.158,6.4,1.4,262
Longford,2021Q4,2021,4,Lower pressure,23.2,Stressed low-supply markets,population growth,871.0,0.144,7.2,1.4,355
Longford,2022Q1,2022,1,Lower pressure,24.3,Stressed low-supply markets,limited housing supply,974.0,0.145,9.2,1.8,348
Longford,2022Q2,2022,2,Lower pressure,23.1,Stressed low-supply markets,limited housing supply,1033.0,0.143,8.5,1.8,428
Longford,2022Q3,2022,3,Lower pressure,23.4,Stressed low-supply markets,limited housing supply,931.0,0.153,10.4,1.8,417
Longford,2022Q4,2022,4,Lower pressure,23.9,Stressed low-supply markets,limited housing supply,861.0,0.162,12.2,1.8,465
Longford,2023Q1,2023,1,Stable,25.3,Stressed low-supply markets,limited housing supply,935.0,0.165,9.4,1.3,417
Longford,2023Q2,2023,2,Stable,26.3,Stressed low-supply markets,limited housing supply,799.0,0.186,11.7,1.3,407
Longford,2023Q3,2023,3,Stable,26.7,Stressed low-supply markets,limited housing supply,827.0,0.185,11.7,1.3,473
Longford,2023Q4,2023,4,Stable,27.1,Stressed low-supply markets,limited housing supply,888.0,0.166,12.1,1.3,521
Longford,2024Q1,2024,1,Lower pressure,23.7,Stressed low-supply markets,rent growth,892.0,0.162,15.2,2.2,367
Longford,2024Q2,2024,2,Lower pressure,24.5,Stressed low-supply markets,rent growth,824.0,0.173,17.5,2.2,381
Longford,2024Q3,2024,3,Lower pressure,23.9,Stressed low-supply markets,rent growth,902.0,0.17,18.2,2.2,498
Longford,2024Q4,2024,4,Lower pressure,22.7,Stressed low-supply markets,rent growth,915.0,0.148,16.1,2.2,444
Longford,2025Q1,2025,1,Lower pressure,24.9,Stressed low-supply markets,rent growth,848.0,0.178,17.3,0.7,376
Longford,2025Q2,2025,2,Lower pressure,24.6,Stressed low-supply markets,rent growth,968.0,0.169,16.1,0.7,517
Longford,2025Q3,2025,3,Lower pressure,24.1,Stressed low-supply markets,limited housing supply,1075.0,0.146,12.2,0.7,515
Louth,2018Q1,2018,1,High pressure,66.6,High pressure growth areas,rent growth,938.0,0.252,14.1,1.1,1150
Louth,2018Q2,2018,2,High pressure,66.3,High pressure growth areas,rent growth,981.0,0.231,12.4,1.1,1150
Louth,2018Q3,2018,3,High pressure,66.1,High pressure growth areas,rent growth,967.0,0.227,10.5,1.1,1150
Louth,2018Q4,2018,4,High pressure,66.6,High pressure growth areas,rent growth,923.0,0.222,9.7,1.1,1150
Louth,2019Q1,2019,1,Watchlist,62.1,High pressure growth areas,population growth,1115.0,0.207,7.3,1.8,1150
Louth,2019Q2,2019,2,Watchlist,62.3,High pressure growth areas,population growth,1073.0,0.207,7.1,1.8,1150
Louth,2019Q3,2019,3,Watchlist,61.5,High pressure growth areas,population growth,1085.0,0.198,5.6,1.8,1150
Louth,2019Q4,2019,4,Watchlist,61.5,High pressure growth areas,population growth,1027.0,0.196,5.1,1.8,1150
Louth,2020Q1,2020,1,Watchlist,61.1,High pressure growth areas,population growth,1159.0,0.197,5.6,2.0,1150
Louth,2020Q2,2020,2,Watchlist,61.1,High pressure growth areas,population growth,1127.0,0.196,4.7,2.0,1150
Louth,2020Q3,2020,3,Watchlist,61.3,High pressure growth areas,population growth,1077.0,0.199,4.3,2.0,1150
Louth,2020Q4,2020,4,Watchlist,60.7,High pressure growth areas,population growth,1135.0,0.175,3.5,2.0,1150
Louth,2021Q1,2021,1,Watchlist,62.5,High pressure growth areas,population growth,925.0,0.174,2.6,1.0,456
Louth,2021Q2,2021,2,Watchlist,62.3,High pressure growth areas,population growth,989.0,0.165,3.0,1.0,525
Louth,2021Q3,2021,3,Watchlist,62.1,High pressure growth areas,population growth,1042.0,0.147,3.5,1.0,491
Louth,2021Q4,2021,4,Watchlist,62.4,High pressure growth areas,population growth,1204.0,0.132,3.9,1.0,664
Louth,2022Q1,2022,1,Watchlist,61.5,High pressure growth areas,population growth,1446.0,0.121,5.6,2.5,651
Louth,2022Q2,2022,2,Watchlist,60.5,High pressure growth areas,population growth,1535.0,0.119,4.9,2.5,802
Louth,2022Q3,2022,3,Watchlist,60.1,High pressure growth areas,population growth,1474.0,0.119,4.8,2.5,781
Louth,2022Q4,2022,4,Watchlist,59.2,High pressure growth areas,population growth,1476.0,0.116,4.0,2.5,871
Louth,2023Q1,2023,1,Watchlist,62.7,High pressure growth areas,arrears risk,1394.0,0.141,2.8,0.5,780
Louth,2023Q2,2023,2,Watchlist,62.9,High pressure growth areas,arrears risk,1237.0,0.152,3.9,0.5,763
Louth,2023Q3,2023,3,Watchlist,63.3,High pressure growth areas,arrears risk,1244.0,0.156,4.8,0.5,885
Louth,2023Q4,2023,4,Watchlist,64.1,High pressure growth areas,arrears risk,1292.0,0.145,6.3,0.5,976
Louth,2024Q1,2024,1,Watchlist,62.9,High pressure growth areas,arrears risk,1351.0,0.137,7.1,0.8,687
Louth,2024Q2,2024,2,Watchlist,63.5,High pressure growth areas,arrears risk,1316.0,0.138,7.7,0.8,713
Louth,2024Q3,2024,3,Watchlist,63.3,High pressure growth areas,arrears risk,1474.0,0.132,7.6,0.8,934
Louth,2024Q4,2024,4,Watchlist,63.2,High pressure growth areas,arrears risk,1380.0,0.126,8.1,0.8,831
Louth,2025Q1,2025,1,Watchlist,62.3,High pressure growth areas,arrears risk,1336.0,0.142,9.7,0.2,704
Louth,2025Q2,2025,2,Watchlist,62.3,High pressure growth areas,arrears risk,1476.0,0.14,9.5,0.2,967
Louth,2025Q3,2025,3,Watchlist,62.6,High pressure growth areas,arrears risk,1476.0,0.135,9.0,0.2,965
Mayo,2018Q1,2018,1,Stable,27.3,High pressure growth areas,limited housing supply,959.0,0.195,6.9,1.3,662
Mayo,2018Q2,2018,2,Stable,27.8,High pressure growth areas,limited housing supply,936.0,0.192,7.4,1.3,662
Mayo,2018Q3,2018,3,Stable,28.3,High pressure growth areas,limited housing supply,864.0,0.203,7.6,1.3,662
Mayo,2018Q4,2018,4,Stable,28.5,High pressure growth areas,limited housing supply,823.0,0.199,7.0,1.3,662
Mayo,2019Q1,2019,1,Stable,28.4,High pressure growth areas,limited housing supply,875.0,0.215,7.5,1.4,662
Mayo,2019Q2,2019,2,Stable,28.0,High pressure growth areas,limited housing supply,865.0,0.209,6.4,1.4,662
Mayo,2019Q3,2019,3,Stable,27.9,High pressure growth areas,limited housing supply,834.0,0.211,6.5,1.4,662
Mayo,2019Q4,2019,4,Stable,27.8,High pressure growth areas,limited housing supply,793.0,0.207,5.8,1.4,662
Mayo,2020Q1,2020,1,Lower pressure,24.7,High pressure growth areas,limited housing supply,970.0,0.191,4.0,1.8,662
Mayo,2020Q2,2020,2,Stable,25.2,High pressure growth areas,limited housing supply,913.0,0.196,4.2,1.8,662
Mayo,2020Q3,2020,3,Stable,25.4,High pressure growth areas,limited housing supply,869.0,0.2,3.8,1.8,662
Mayo,2020Q4,2020,4,Stable,25.3,High pressure growth areas,limited housing supply,892.0,0.181,3.9,1.8,662
Mayo,2021Q1,2021,1,Stable,29.7,High pressure growth areas,limited housing supply,695.0,0.19,4.2,0.7,263
Mayo,2021Q2,2021,2,Stable,29.7,High pressure growth areas,limited housing supply,733.0,0.183,5.1,0.7,302
Mayo,2021Q3,2021,3,Stable,29.2,High pressure growth areas,limited housing supply,784.0,0.16,5.1,0.7,283
Mayo,2021Q4,2021,4,Stable,29.2,High pressure growth areas,arrears risk,898.0,0.145,5.7,0.7,383
Mayo,2022Q1,2022,1,Stable,26.2,High pressure growth areas,arrears risk,1090.0,0.131,7.7,2.5,375
Mayo,2022Q2,2022,2,Stable,25.7,High pressure growth areas,population growth,1100.0,0.136,8.6,2.5,462
Mayo,2022Q3,2022,3,Stable,26.0,High pressure growth areas,population growth,988.0,0.147,10.6,2.5,450
Mayo,2022Q4,2022,4,Stable,26.9,High pressure growth areas,population growth,891.0,0.16,13.2,2.5,502
Mayo,2023Q1,2023,1,Stable,25.3,High pressure growth areas,population growth,970.0,0.159,12.6,3.2,449
Mayo,2023Q2,2023,2,Stable,25.6,High pressure growth areas,population growth,884.0,0.167,12.9,3.2,439
Mayo,2023Q3,2023,3,Stable,25.6,High pressure growth areas,population growth,945.0,0.161,11.8,3.2,510
Mayo,2023Q4,2023,4,Stable,25.7,High pressure growth areas,population growth,1036.0,0.141,11.6,3.2,562
Mayo,2024Q1,2024,1,Stable,27.9,High pressure growth areas,limited housing supply,984.0,0.152,12.1,1.8,396
Mayo,2024Q2,2024,2,Stable,27.5,High pressure growth areas,limited housing supply,1004.0,0.145,11.3,1.8,411
Mayo,2024Q3,2024,3,Stable,26.8,High pressure growth areas,limited housing supply,1103.0,0.142,11.8,1.8,538
Mayo,2024Q4,2024,4,Stable,26.5,High pressure growth areas,limited housing supply,1047.0,0.133,11.9,1.8,479
Mayo,2025Q1,2025,1,Lower pressure,23.2,High pressure growth areas,limited housing supply,1083.0,0.138,13.0,2.0,406
Mayo,2025Q2,2025,2,Lower pressure,23.6,High pressure growth areas,limited housing supply,1168.0,0.139,13.6,2.0,557
Mayo,2025Q3,2025,3,Lower pressure,24.3,High pressure growth areas,rent growth,1187.0,0.132,12.5,2.0,556
Meath,2018Q1,2018,1,Critical,100.0,Mature high-value stable markets,population growth,1274.0,0.219,12.4,2.1,1891
Meath,2018Q2,2018,2,Critical,100.0,Mature high-value stable markets,population growth,1328.0,0.202,10.8,2.1,1891
Meath,2018Q3,2018,3,Critical,100.0,Mature high-value stable markets,population growth,1299.0,0.2,9.1,2.1,1891
Meath,2018Q4,2018,4,Critical,100.0,Mature high-value stable markets,population growth,1288.0,0.188,7.2,2.1,1891
Meath,2019Q1,2019,1,Critical,100.0,Mature high-value stable markets,population growth,1412.0,0.197,5.9,1.8,1891
Meath,2019Q2,2019,2,Critical,100.0,Mature high-value stable markets,population growth,1381.0,0.194,5.2,1.8,1891
Meath,2019Q3,2019,3,Critical,100.0,Mature high-value stable markets,population growth,1330.0,0.196,5.3,1.8,1891
Meath,2019Q4,2019,4,Critical,100.0,Mature high-value stable markets,population growth,1274.0,0.191,4.4,1.8,1891
Meath,2020Q1,2020,1,Critical,100.0,Mature high-value stable markets,population growth,1466.0,0.188,4.5,2.1,1891
Meath,2020Q2,2020,2,Critical,100.0,Mature high-value stable markets,population growth,1433.0,0.185,3.4,2.1,1891
Meath,2020Q3,2020,3,Critical,100.0,Mature high-value stable markets,population growth,1381.0,0.187,2.7,2.1,1891
Meath,2020Q4,2020,4,Critical,100.0,Mature high-value stable markets,population growth,1398.0,0.171,3.2,2.1,1891
Meath,2021Q1,2021,1,Critical,100.0,Mature high-value stable markets,population growth,1138.0,0.171,2.4,1.2,750
Meath,2021Q2,2021,2,Critical,100.0,Mature high-value stable markets,population growth,1206.0,0.163,3.1,1.2,864
Meath,2021Q3,2021,3,Critical,100.0,Mature high-value stable markets,population growth,1258.0,0.147,4.0,1.2,808
Meath,2021Q4,2021,4,Critical,100.0,Mature high-value stable markets,population growth,1515.0,0.127,3.0,1.2,1092
Meath,2022Q1,2022,1,Critical,100.0,Mature high-value stable markets,population growth,1919.0,0.11,2.7,2.5,1071
Meath,2022Q2,2022,2,Critical,100.0,Mature high-value stable markets,population growth,1966.0,0.112,3.0,2.5,1319
Meath,2022Q3,2022,3,Critical,100.0,Mature high-value stable markets,population growth,1879.0,0.113,3.1,2.5,1285
Meath,2022Q4,2022,4,Critical,100.0,Mature high-value stable markets,population growth,1778.0,0.117,4.2,2.5,1432
Meath,2023Q1,2023,1,Critical,100.0,Mature high-value stable markets,rent level,1628.0,0.146,4.3,0.6,1283
Meath,2023Q2,2023,2,Critical,100.0,Mature high-value stable markets,rent level,1424.0,0.161,5.9,0.6,1254
Meath,2023Q3,2023,3,Critical,100.0,Mature high-value stable markets,rent level,1435.0,0.165,6.8,0.6,1456
Meath,2023Q4,2023,4,Critical,100.0,Mature high-value stable markets,rent level,1562.0,0.145,6.7,0.6,1605
Meath,2024Q1,2024,1,Critical,100.0,Mature high-value stable markets,arrears risk,1620.0,0.138,8.0,1.1,1130
Meath,2024Q2,2024,2,Critical,100.0,Mature high-value stable markets,arrears risk,1668.0,0.131,6.8,1.1,1173
Meath,2024Q3,2024,3,Critical,100.0,Mature high-value stable markets,arrears risk,1911.0,0.122,6.1,1.1,1535
Meath,2024Q4,2024,4,Critical,100.0,Mature high-value stable markets,arrears risk,1785.0,0.117,6.6,1.1,1367
Meath,2025Q1,2025,1,Critical,100.0,Mature high-value stable markets,arrears risk,1724.0,0.132,7.6,0.1,1158
Meath,2025Q2,2025,2,Critical,100.0,Mature high-value stable markets,arrears risk,1882.0,0.132,7.8,0.1,1591
Meath,2025Q3,2025,3,Critical,100.0,Mature high-value stable markets,arrears risk,1853.0,0.13,7.8,0.1,1587
Monaghan,2018Q1,2018,1,Stable,42.2,Stressed low-supply markets,limited housing supply,1068.0,0.193,7.0,1.4,858
Monaghan,2018Q2,2018,2,Stable,42.4,Stressed low-supply markets,limited housing supply,1071.0,0.185,6.6,1.4,858
Monaghan,2018Q3,2018,3,Stable,42.8,Stressed low-supply markets,limited housing supply,1007.0,0.191,6.2,1.4,858
Monaghan,2018Q4,2018,4,Stable,43.8,Stressed low-supply markets,limited housing supply,923.0,0.196,6.8,1.4,858
Monaghan,2019Q1,2019,1,Watchlist,45.4,Stressed low-supply markets,limited housing supply,961.0,0.218,6.8,0.9,858
Monaghan,2019Q2,2019,2,Stable,45.0,Stressed low-supply markets,limited housing supply,956.0,0.211,5.5,0.9,858
Monaghan,2019Q3,2019,3,Watchlist,45.0,Stressed low-supply markets,limited housing supply,915.0,0.214,5.8,0.9,858
Monaghan,2019Q4,2019,4,Stable,44.6,Stressed low-supply markets,limited housing supply,886.0,0.206,4.6,0.9,858
Monaghan,2020Q1,2020,1,Watchlist,45.2,Stressed low-supply markets,limited housing supply,1044.0,0.201,2.1,0.3,858
Monaghan,2020Q2,2020,2,Watchlist,46.1,Stressed low-supply markets,limited housing supply,958.0,0.212,3.1,0.3,858
Monaghan,2020Q3,2020,3,Watchlist,46.1,Stressed low-supply markets,limited housing supply,930.0,0.212,2.1,0.3,858
Monaghan,2020Q4,2020,4,Watchlist,45.6,Stressed low-supply markets,limited housing supply,972.0,0.188,1.6,0.3,858
Monaghan,2021Q1,2021,1,Stable,42.0,Stressed low-supply markets,population growth,863.0,0.165,1.6,1.2,340
Monaghan,2021Q2,2021,2,Stable,41.2,Stressed low-supply markets,population growth,962.0,0.15,0.6,1.2,392
Monaghan,2021Q3,2021,3,Stable,41.0,Stressed low-supply markets,population growth,1009.0,0.134,1.3,1.2,366
Monaghan,2021Q4,2021,4,Stable,41.5,Stressed low-supply markets,population growth,1128.0,0.125,2.7,1.2,496
Monaghan,2022Q1,2022,1,Watchlist,46.0,Stressed low-supply markets,limited housing supply,1213.0,0.133,4.9,1.1,486
Monaghan,2022Q2,2022,2,Watchlist,46.7,Stressed low-supply markets,limited housing supply,1157.0,0.147,7.6,1.1,598
Monaghan,2022Q3,2022,3,Watchlist,46.9,Stressed low-supply markets,limited housing supply,1066.0,0.154,8.8,1.1,583
Monaghan,2022Q4,2022,4,Watchlist,47.3,Stressed low-supply markets,limited housing supply,989.0,0.163,10.5,1.1,650
Monaghan,2023Q1,2023,1,Watchlist,45.6,Stressed low-supply markets,rent growth,990.0,0.179,11.5,1.2,582
Monaghan,2023Q2,2023,2,Watchlist,45.3,Stressed low-supply markets,rent growth,918.0,0.185,11.2,1.2,569
Monaghan,2023Q3,2023,3,Watchlist,45.4,Stressed low-supply markets,limited housing supply,957.0,0.182,11.0,1.2,661
Monaghan,2023Q4,2023,4,Watchlist,45.8,Stressed low-supply markets,limited housing supply,1024.0,0.164,11.5,1.2,728
Monaghan,2024Q1,2024,1,Stable,42.6,Stressed low-supply markets,limited housing supply,1141.0,0.144,10.3,1.6,513
Monaghan,2024Q2,2024,2,Stable,43.0,Stressed low-supply markets,limited housing supply,1109.0,0.145,11.0,1.6,532
Monaghan,2024Q3,2024,3,Stable,42.5,Stressed low-supply markets,limited housing supply,1238.0,0.14,11.1,1.6,697
Monaghan,2024Q4,2024,4,Stable,41.7,Stressed low-supply markets,limited housing supply,1213.0,0.126,10.1,1.6,620
Monaghan,2025Q1,2025,1,Stable,43.3,Stressed low-supply markets,rent growth,1057.0,0.161,14.6,0.7,526
Monaghan,2025Q2,2025,2,Stable,43.2,Stressed low-supply markets,rent growth,1176.0,0.157,14.2,0.7,722
Monaghan,2025Q3,2025,3,Stable,43.5,Stressed low-supply markets,rent growth,1204.0,0.148,12.9,0.7,720
Offaly,2018Q1,2018,1,Stable,27.6,Stressed low-supply markets,limited housing supply,865.0,0.217,11.1,1.7,662
Offaly,2018Q2,2018,2,Stable,27.1,Stressed low-supply markets,arrears risk,908.0,0.197,9.2,1.7,662
Offaly,2018Q3,2018,3,Stable,27.2,Stressed low-supply markets,arrears risk,867.0,0.201,8.4,1.7,662
Offaly,2018Q4,2018,4,Stable,27.1,Stressed low-supply markets,arrears risk,844.0,0.192,7.0,1.7,662
Offaly,2019Q1,2019,1,Stable,27.8,Stressed low-supply markets,arrears risk,903.0,0.207,6.5,1.5,662
Offaly,2019Q2,2019,2,Stable,27.9,Stressed low-supply markets,arrears risk,865.0,0.209,6.5,1.5,662
Offaly,2019Q3,2019,3,Stable,28.2,Stressed low-supply markets,arrears risk,810.0,0.217,7.5,1.5,662
Offaly,2019Q4,2019,4,Stable,28.3,Stressed low-supply markets,arrears risk,755.0,0.218,7.4,1.5,662
Offaly,2020Q1,2020,1,Stable,30.5,Stressed low-supply markets,rent growth,807.0,0.238,7.4,0.5,662
Offaly,2020Q2,2020,2,Stable,30.5,Stressed low-supply markets,rent growth,785.0,0.236,6.6,0.5,662
Offaly,2020Q3,2020,3,Stable,30.4,Stressed low-supply markets,rent growth,764.0,0.235,5.5,0.5,662
Offaly,2020Q4,2020,4,Stable,30.4,Stressed low-supply markets,rent growth,781.0,0.214,5.7,0.5,662
Offaly,2021Q1,2021,1,Stable,26.9,Stressed low-supply markets,population growth,742.0,0.174,3.5,1.4,263
Offaly,2021Q2,2021,2,Stable,26.7,Stressed low-supply markets,population growth,798.0,0.164,3.8,1.4,302
Offaly,2021Q3,2021,3,Stable,26.3,Stressed low-supply markets,population growth,852.0,0.144,3.9,1.4,283
Offaly,2021Q4,2021,4,Stable,25.7,Stressed low-supply markets,population growth,1009.0,0.126,3.5,1.4,382
Offaly,2022Q1,2022,1,Stable,26.7,Stressed low-supply markets,arrears risk,1126.0,0.127,5.8,2.0,375
Offaly,2022Q2,2022,2,Stable,26.1,Stressed low-supply markets,arrears risk,1145.0,0.131,6.4,2.0,462
Offaly,2022Q3,2022,3,Stable,26.3,Stressed low-supply markets,limited housing supply,1040.0,0.14,8.1,2.0,450
Offaly,2022Q4,2022,4,Stable,26.6,Stressed low-supply markets,arrears risk,979.0,0.145,9.4,2.0,501
Offaly,2023Q1,2023,1,Stable,28.3,Stressed low-supply markets,arrears risk,1077.0,0.146,5.4,1.2,449
Offaly,2023Q2,2023,2,Stable,29.1,Stressed low-supply markets,arrears risk,936.0,0.162,7.3,1.2,439
Offaly,2023Q3,2023,3,Stable,30.0,Stressed low-supply markets,arrears risk,928.0,0.169,8.6,1.2,510
Offaly,2023Q4,2023,4,Stable,30.5,Stressed low-supply markets,arrears risk,987.0,0.153,9.3,1.2,562
Offaly,2024Q1,2024,1,Stable,26.4,Stressed low-supply markets,limited housing supply,1004.0,0.147,12.5,2.3,396
Offaly,2024Q2,2024,2,Stable,26.6,Stressed low-supply markets,limited housing supply,976.0,0.148,13.1,2.3,411
Offaly,2024Q3,2024,3,Stable,25.2,Stressed low-supply markets,limited housing supply,1137.0,0.136,11.8,2.3,538
Offaly,2024Q4,2024,4,Lower pressure,24.9,Stressed low-supply markets,limited housing supply,1078.0,0.128,11.9,2.3,479
Offaly,2025Q1,2025,1,Stable,27.3,Stressed low-supply markets,limited housing supply,1013.0,0.151,12.4,0.6,406
Offaly,2025Q2,2025,2,Stable,26.7,Stressed low-supply markets,limited housing supply,1182.0,0.14,10.4,0.6,557
Offaly,2025Q3,2025,3,Stable,27.7,Stressed low-supply markets,limited housing supply,1168.0,0.138,10.3,0.6,556
Roscommon,2018Q1,2018,1,Lower pressure,15.7,Stressed low-supply markets,limited housing supply,758.0,0.227,11.2,1.2,516
Roscommon,2018Q2,2018,2,Lower pressure,15.2,Stressed low-supply markets,limited housing supply,791.0,0.208,9.5,1.2,516
Roscommon,2018Q3,2018,3,Lower pressure,15.3,Stressed low-supply markets,limited housing supply,751.0,0.213,8.8,1.2,516
Roscommon,2018Q4,2018,4,Lower pressure,15.6,Stressed low-supply markets,arrears risk,704.0,0.213,8.7,1.2,516
Roscommon,2019Q1,2019,1,Lower pressure,15.8,Stressed low-supply markets,limited housing supply,753.0,0.229,8.7,1.2,516
Roscommon,2019Q2,2019,2,Lower pressure,16.0,Stressed low-supply markets,rent growth,710.0,0.234,9.2,1.2,516
Roscommon,2019Q3,2019,3,Lower pressure,15.8,Stressed low-supply markets,limited housing supply,689.0,0.234,9.0,1.2,516
Roscommon,2019Q4,2019,4,Lower pressure,15.2,Stressed low-supply markets,limited housing supply,677.0,0.222,7.3,1.2,516
Roscommon,2020Q1,2020,1,Lower pressure,11.6,Stressed low-supply markets,limited housing supply,855.0,0.198,4.3,1.5,516
Roscommon,2020Q2,2020,2,Lower pressure,11.7,Stressed low-supply markets,limited housing supply,822.0,0.199,3.9,1.5,516
Roscommon,2020Q3,2020,3,Lower pressure,12.0,Stressed low-supply markets,limited housing supply,778.0,0.204,3.7,1.5,516
Roscommon,2020Q4,2020,4,Lower pressure,12.1,Stressed low-supply markets,limited housing supply,793.0,0.186,4.0,1.5,516
Roscommon,2021Q1,2021,1,Lower pressure,16.2,Stressed low-supply markets,limited housing supply,616.0,0.194,5.1,0.7,205
Roscommon,2021Q2,2021,2,Lower pressure,16.3,Stressed low-supply markets,rent growth,643.0,0.189,6.3,0.7,236
Roscommon,2021Q3,2021,3,Lower pressure,16.1,Stressed low-supply markets,limited housing supply,677.0,0.169,6.8,0.7,220
Roscommon,2021Q4,2021,4,Lower pressure,15.9,Stressed low-supply markets,limited housing supply,772.0,0.154,7.6,0.7,298
Roscommon,2022Q1,2022,1,Lower pressure,12.3,Stressed low-supply markets,limited housing supply,982.0,0.133,7.7,2.3,292
Roscommon,2022Q2,2022,2,Lower pressure,12.1,Stressed low-supply markets,limited housing supply,960.0,0.143,9.6,2.3,360
Roscommon,2022Q3,2022,3,Lower pressure,11.8,Stressed low-supply markets,limited housing supply,889.0,0.149,10.7,2.3,350
Roscommon,2022Q4,2022,4,Lower pressure,11.7,Stressed low-supply markets,limited housing supply,861.0,0.15,11.0,2.3,391
Roscommon,2023Q1,2023,1,Lower pressure,14.5,Stressed low-supply markets,rent growth,835.0,0.17,13.1,2.6,350
Roscommon,2023Q2,2023,2,Lower pressure,14.4,Stressed low-supply markets,limited housing supply,797.0,0.17,12.0,2.6,342
Roscommon,2023Q3,2023,3,Lower pressure,14.9,Stressed low-supply markets,limited housing supply,827.0,0.169,11.8,2.6,397
Roscommon,2023Q4,2023,4,Lower pressure,15.4,Stressed low-supply markets,limited housing supply,879.0,0.153,12.6,2.6,438
Roscommon,2024Q1,2024,1,Lower pressure,14.7,Stressed low-supply markets,limited housing supply,863.0,0.157,13.5,1.9,308
Roscommon,2024Q2,2024,2,Lower pressure,14.2,Stressed low-supply markets,limited housing supply,878.0,0.151,12.7,1.9,320
Roscommon,2024Q3,2024,3,Lower pressure,13.2,Stressed low-supply markets,limited housing supply,978.0,0.145,12.9,1.9,419
Roscommon,2024Q4,2024,4,Lower pressure,12.7,Stressed low-supply markets,limited housing supply,943.0,0.134,12.4,1.9,373
Roscommon,2025Q1,2025,1,Lower pressure,8.3,Stressed low-supply markets,population growth,1079.0,0.124,10.5,2.3,316
Roscommon,2025Q2,2025,2,Lower pressure,8.5,Stressed low-supply markets,population growth,1185.0,0.123,10.5,2.3,434
Roscommon,2025Q3,2025,3,Lower pressure,9.5,Stressed low-supply markets,population growth,1208.0,0.116,9.4,2.3,433
Sligo,2018Q1,2018,1,Lower pressure,13.7,Stressed low-supply markets,limited housing supply,879.0,0.193,6.4,1.2,514
Sligo,2018Q2,2018,2,Lower pressure,14.0,Stressed low-supply markets,limited housing supply,858.0,0.19,6.8,1.2,514
Sligo,2018Q3,2018,3,Lower pressure,14.6,Stressed low-supply markets,limited housing supply,786.0,0.203,7.3,1.2,514
Sligo,2018Q4,2018,4,Lower pressure,14.1,Stressed low-supply markets,limited housing supply,782.0,0.189,5.3,1.2,514
Sligo,2019Q1,2019,1,Lower pressure,15.0,Stressed low-supply markets,limited housing supply,807.0,0.212,6.2,1.0,514
Sligo,2019Q2,2019,2,Lower pressure,14.9,Stressed low-supply markets,limited housing supply,785.0,0.21,5.6,1.0,514
Sligo,2019Q3,2019,3,Lower pressure,17.4,Stressed low-supply markets,rent growth,617.0,0.265,12.3,1.0,514
Sligo,2019Q4,2019,4,Lower pressure,17.1,Stressed low-supply markets,rent growth,593.0,0.257,11.3,1.0,514
Sligo,2020Q1,2020,1,Lower pressure,14.7,Stressed low-supply markets,limited housing supply,794.0,0.218,4.7,0.4,514
Sligo,2020Q2,2020,2,Lower pressure,14.7,Stressed low-supply markets,limited housing supply,770.0,0.217,3.9,0.4,514
Sligo,2020Q3,2020,3,Lower pressure,12.0,Stressed low-supply markets,limited housing supply,918.0,0.173,-3.6,0.4,514
Sligo,2020Q4,2020,4,Lower pressure,11.7,Stressed low-supply markets,limited housing supply,957.0,0.154,-4.0,0.4,514
Sligo,2021Q1,2021,1,Lower pressure,12.8,Stressed low-supply markets,population growth,704.0,0.166,2.2,1.5,204
Sligo,2021Q2,2021,2,Lower pressure,12.6,Stressed low-supply markets,population growth,756.0,0.157,2.4,1.5,235
Sligo,2021Q3,2021,3,Lower pressure,12.9,Stressed low-supply markets,population growth,759.0,0.147,4.5,1.5,220
Sligo,2021Q4,2021,4,Lower pressure,12.8,Stressed low-supply markets,population growth,860.0,0.135,5.5,1.5,297
Sligo,2022Q1,2022,1,Lower pressure,15.8,Stressed low-supply markets,arrears risk,900.0,0.148,8.3,1.2,291
Sligo,2022Q2,2022,2,Lower pressure,16.1,Stressed low-supply markets,limited housing supply,850.0,0.166,11.3,1.2,359
Sligo,2022Q3,2022,3,Lower pressure,16.0,Stressed low-supply markets,limited housing supply,784.0,0.173,12.5,1.2,349
Sligo,2022Q4,2022,4,Lower pressure,15.8,Stressed low-supply markets,limited housing supply,764.0,0.173,12.6,1.2,389
Sligo,2023Q1,2023,1,Lower pressure,13.5,Stressed low-supply markets,arrears risk,890.0,0.158,11.1,2.6,349
Sligo,2023Q2,2023,2,Lower pressure,13.7,Stressed low-supply markets,limited housing supply,831.0,0.163,10.6,2.6,341
Sligo,2023Q3,2023,3,Lower pressure,13.7,Stressed low-supply markets,limited housing supply,902.0,0.153,9.1,2.6,396
Sligo,2023Q4,2023,4,Lower pressure,14.4,Stressed low-supply markets,limited housing supply,942.0,0.142,10.4,2.6,436
Sligo,2024Q1,2024,1,Lower pressure,14.6,Stressed low-supply markets,limited housing supply,895.0,0.151,11.8,1.7,307
Sligo,2024Q2,2024,2,Lower pressure,13.8,Stressed low-supply markets,limited housing supply,936.0,0.141,10.1,1.7,319
Sligo,2024Q3,2024,3,Lower pressure,12.5,Stressed low-supply markets,limited housing supply,1062.0,0.133,9.7,1.7,417
Sligo,2024Q4,2024,4,Lower pressure,12.1,Stressed low-supply markets,limited housing supply,1015.0,0.124,9.5,1.7,372
Sligo,2025Q1,2025,1,Lower pressure,13.4,Stressed low-supply markets,limited housing supply,959.0,0.145,10.7,0.4,315
Sligo,2025Q2,2025,2,Lower pressure,13.7,Stressed low-supply markets,limited housing supply,1046.0,0.145,10.9,0.4,433
Sligo,2025Q3,2025,3,Lower pressure,15.7,Stressed low-supply markets,rent growth,966.0,0.153,13.0,0.4,432
Tipperary,2018Q1,2018,1,Lower pressure,5.3,Stressed low-supply markets,limited housing supply,826.0,0.192,7.2,1.6,440
Tipperary,2018Q2,2018,2,Lower pressure,4.8,Stressed low-supply markets,limited housing supply,857.0,0.177,5.7,1.6,440
Tipperary,2018Q3,2018,3,Lower pressure,5.1,Stressed low-supply markets,limited housing supply,794.0,0.187,5.8,1.6,440
Tipperary,2018Q4,2018,4,Lower pressure,5.4,Stressed low-supply markets,limited housing supply,740.0,0.187,5.8,1.6,440
Tipperary,2019Q1,2019,1,Lower pressure,7.1,Stressed low-supply markets,limited housing supply,773.0,0.209,5.4,1.0,440
Tipperary,2019Q2,2019,2,Lower pressure,7.3,Stressed low-supply markets,limited housing supply,731.0,0.213,5.8,1.0,440
Tipperary,2019Q3,2019,3,Lower pressure,7.2,Stressed low-supply markets,limited housing supply,705.0,0.215,5.9,1.0,440
Tipperary,2019Q4,2019,4,Lower pressure,7.1,Stressed low-supply markets,limited housing supply,664.0,0.213,5.5,1.0,440
Tipperary,2020Q1,2020,1,Lower pressure,5.1,Stressed low-supply markets,limited housing supply,751.0,0.215,5.7,1.0,440
Tipperary,2020Q2,2020,2,Lower pressure,4.9,Stressed low-supply markets,limited housing supply,741.0,0.21,4.3,1.0,440
Tipperary,2020Q3,2020,3,Lower pressure,4.9,Stressed low-supply markets,limited housing supply,718.0,0.21,3.4,1.0,440
Tipperary,2020Q4,2020,4,Lower pressure,4.8,Stressed low-supply markets,limited housing supply,745.0,0.188,3.2,1.0,440
Tipperary,2021Q1,2021,1,Lower pressure,8.1,Stressed low-supply markets,limited housing supply,618.0,0.182,2.4,0.4,175
Tipperary,2021Q2,2021,2,Lower pressure,8.1,Stressed low-supply markets,limited housing supply,651.0,0.176,3.3,0.4,201
Tipperary,2021Q3,2021,3,Lower pressure,7.9,Stressed low-supply markets,limited housing supply,680.0,0.158,4.1,0.4,188
Tipperary,2021Q4,2021,4,Lower pressure,7.5,Stressed low-supply markets,limited housing supply,787.0,0.142,4.4,0.4,254
Tipperary,2022Q1,2022,1,Lower pressure,5.3,Stressed low-supply markets,limited housing supply,933.0,0.133,6.1,1.6,249
Tipperary,2022Q2,2022,2,Lower pressure,4.5,Stressed low-supply markets,limited housing supply,941.0,0.138,7.0,1.6,307
Tipperary,2022Q3,2022,3,Lower pressure,4.5,Stressed low-supply markets,limited housing supply,854.0,0.147,8.7,1.6,299
Tipperary,2022Q4,2022,4,Lower pressure,5.2,Stressed low-supply markets,limited housing supply,779.0,0.158,10.9,1.6,333
Tipperary,2023Q1,2023,1,Lower pressure,7.7,Stressed low-supply markets,limited housing supply,837.0,0.161,9.7,1.8,299
Tipperary,2023Q2,2023,2,Lower pressure,8.2,Stressed low-supply markets,limited housing supply,766.0,0.168,9.8,1.8,292
Tipperary,2023Q3,2023,3,Lower pressure,8.8,Stressed low-supply markets,limited housing supply,792.0,0.168,9.8,1.8,339
Tipperary,2023Q4,2023,4,Lower pressure,8.6,Stressed low-supply markets,limited housing supply,904.0,0.14,8.3,1.8,374
Tipperary,2024Q1,2024,1,Lower pressure,4.2,Stressed low-supply markets,limited housing supply,936.0,0.133,10.1,2.6,263
Tipperary,2024Q2,2024,2,Lower pressure,4.2,Stressed low-supply markets,limited housing supply,909.0,0.134,10.8,2.6,273
Tipperary,2024Q3,2024,3,Lower pressure,3.0,Stressed low-supply markets,limited housing supply,1003.0,0.131,11.3,2.6,358
Tipperary,2024Q4,2024,4,Lower pressure,3.1,Stressed low-supply markets,limited housing supply,920.0,0.127,12.4,2.6,318
Tipperary,2025Q1,2025,1,Lower pressure,3.5,Stressed low-supply markets,limited housing supply,896.0,0.144,13.1,1.6,270
Tipperary,2025Q2,2025,2,Lower pressure,4.1,Stressed low-supply markets,limited housing supply,961.0,0.146,13.8,1.6,371
Tipperary,2025Q3,2025,3,Lower pressure,4.8,Stressed low-supply markets,limited housing supply,1003.0,0.135,12.0,1.6,370
Waterford,2018Q1,2018,1,Stable,44.2,High pressure growth areas,arrears risk,926.0,0.225,11.2,1.3,852
Waterford,2018Q2,2018,2,Stable,44.2,High pressure growth areas,arrears risk,943.0,0.212,10.3,1.3,852
Waterford,2018Q3,2018,3,Stable,44.8,High pressure growth areas,arrears risk,876.0,0.223,10.3,1.3,852
Waterford,2018Q4,2018,4,Stable,44.6,High pressure growth areas,arrears risk,867.0,0.209,8.4,1.3,852
Waterford,2019Q1,2019,1,Stable,41.5,High pressure growth areas,population growth,1000.0,0.204,7.4,2.0,852
Waterford,2019Q2,2019,2,Stable,41.4,High pressure growth areas,arrears risk,974.0,0.202,6.8,2.0,852
Waterford,2019Q3,2019,3,Stable,41.8,High pressure growth areas,population growth,911.0,0.211,7.9,2.0,852
Waterford,2019Q4,2019,4,Stable,41.5,High pressure growth areas,population growth,879.0,0.204,6.8,2.0,852
Waterford,2020Q1,2020,1,Stable,43.4,High pressure growth areas,arrears risk,992.0,0.209,5.1,1.1,852
Waterford,2020Q2,2020,2,Stable,43.5,High pressure growth areas,arrears risk,962.0,0.208,4.3,1.1,852
Waterford,2020Q3,2020,3,Stable,42.6,High pressure growth areas,arrears risk,984.0,0.197,1.7,1.1,852
Waterford,2020Q4,2020,4,Stable,42.3,High pressure growth areas,arrears risk,1019.0,0.176,1.4,1.1,852
Waterford,2021Q1,2021,1,Stable,41.8,High pressure growth areas,population growth,811.0,0.176,3.9,1.5,338
Waterford,2021Q2,2021,2,Stable,41.5,High pressure growth areas,population growth,878.0,0.165,3.9,1.5,389
Waterford,2021Q3,2021,3,Stable,42.8,High pressure growth areas,rent growth,832.0,0.164,7.9,1.5,364
Waterford,2021Q4,2021,4,Stable,43.6,High pressure growth areas,rent growth,915.0,0.156,9.8,1.5,492
Waterford,2022Q1,2022,1,Stable,41.0,High pressure growth areas,arrears risk,1332.0,0.118,3.9,2.2,483
Waterford,2022Q2,2022,2,Stable,40.7,High pressure growth areas,arrears risk,1345.0,0.122,4.7,2.2,594
Waterford,2022Q3,2022,3,Stable,43.3,High pressure growth areas,limited housing supply,1062.0,0.151,10.9,2.2,579
Waterford,2022Q4,2022,4,Stable,44.3,High pressure growth areas,arrears risk,953.0,0.166,13.7,2.2,645
Waterford,2023Q1,2023,1,Stable,43.7,High pressure growth areas,rent growth,970.0,0.18,13.3,1.9,578
Waterford,2023Q2,2023,2,Stable,44.2,High pressure growth areas,rent growth,856.0,0.197,14.7,1.9,565
Waterford,2023Q3,2023,3,Stable,42.8,High pressure growth areas,arrears risk,991.0,0.173,11.1,1.9,656
Waterford,2023Q4,2023,4,Stable,42.0,High pressure growth areas,limited housing supply,1161.0,0.141,8.7,1.9,723
Waterford,2024Q1,2024,1,Stable,42.3,High pressure growth areas,limited housing supply,1189.0,0.138,8.3,1.3,509
Waterford,2024Q2,2024,2,Stable,42.3,High pressure growth areas,limited housing supply,1187.0,0.135,8.1,1.3,528
Waterford,2024Q3,2024,3,Stable,40.1,High pressure growth areas,limited housing supply,1481.0,0.115,4.6,1.3,692
Waterford,2024Q4,2024,4,Stable,40.1,High pressure growth areas,limited housing supply,1381.0,0.11,5.2,1.3,616
Waterford,2025Q1,2025,1,Stable,34.0,High pressure growth areas,population growth,1428.0,0.112,8.2,2.5,522
Waterford,2025Q2,2025,2,Stable,33.9,High pressure growth areas,population growth,1594.0,0.109,7.7,2.5,717
Waterford,2025Q3,2025,3,Stable,36.2,High pressure growth areas,population growth,1429.0,0.119,10.7,2.5,715
Westmeath,2018Q1,2018,1,Stable,25.2,Stressed low-supply markets,limited housing supply,894.0,0.206,9.9,1.9,644
Westmeath,2018Q2,2018,2,Stable,25.5,Stressed low-supply markets,limited housing supply,881.0,0.201,10.1,1.9,644
Westmeath,2018Q3,2018,3,Stable,25.5,Stressed low-supply markets,limited housing supply,850.0,0.203,8.9,1.9,644
Westmeath,2018Q4,2018,4,Stable,25.8,Stressed low-supply markets,limited housing supply,799.0,0.201,8.7,1.9,644
Westmeath,2019Q1,2019,1,Stable,27.3,Stressed low-supply markets,limited housing supply,837.0,0.223,8.5,1.4,644
Westmeath,2019Q2,2019,2,Stable,27.0,Stressed low-supply markets,limited housing supply,821.0,0.219,7.7,1.4,644
Westmeath,2019Q3,2019,3,Stable,26.7,Stressed low-supply markets,limited housing supply,807.0,0.216,7.1,1.4,644
Westmeath,2019Q4,2019,4,Stable,26.7,Stressed low-supply markets,limited housing supply,759.0,0.215,6.8,1.4,644
Westmeath,2020Q1,2020,1,Stable,29.1,Stressed low-supply markets,limited housing supply,820.0,0.232,6.1,0.2,644
Westmeath,2020Q2,2020,2,Stable,29.0,Stressed low-supply markets,limited housing supply,801.0,0.229,5.1,0.2,644
Westmeath,2020Q3,2020,3,Stable,29.2,Stressed low-supply markets,rent growth,766.0,0.233,4.6,0.2,644
Westmeath,2020Q4,2020,4,Stable,28.5,Stressed low-supply markets,limited housing supply,817.0,0.202,3.4,0.2,644
Westmeath,2021Q1,2021,1,Stable,25.7,Stressed low-supply markets,population growth,737.0,0.174,3.1,1.3,255
Westmeath,2021Q2,2021,2,Stable,25.4,Stressed low-supply markets,population growth,798.0,0.163,3.1,1.3,294
Westmeath,2021Q3,2021,3,Stable,25.6,Stressed low-supply markets,population growth,813.0,0.15,4.8,1.3,275
Westmeath,2021Q4,2021,4,Stable,25.7,Stressed low-supply markets,population growth,914.0,0.14,6.0,1.3,372
Westmeath,2022Q1,2022,1,Stable,25.6,Stressed low-supply markets,limited housing supply,1096.0,0.13,6.1,1.9,365
Westmeath,2022Q2,2022,2,Stable,25.3,Stressed low-supply markets,limited housing supply,1092.0,0.137,7.4,1.9,449
Westmeath,2022Q3,2022,3,Lower pressure,25.0,Stressed low-supply markets,limited housing supply,1026.0,0.14,8.0,1.9,438
Westmeath,2022Q4,2022,4,Stable,25.0,Stressed low-supply markets,limited housing supply,977.0,0.144,8.8,1.9,488
Westmeath,2023Q1,2023,1,Stable,25.5,Stressed low-supply markets,limited housing supply,1063.0,0.145,6.6,1.8,437
Westmeath,2023Q2,2023,2,Stable,26.6,Stressed low-supply markets,limited housing supply,911.0,0.164,8.9,1.8,427
Westmeath,2023Q3,2023,3,Stable,27.3,Stressed low-supply markets,limited housing supply,920.0,0.167,9.7,1.8,496
Westmeath,2023Q4,2023,4,Stable,27.6,Stressed low-supply markets,limited housing supply,994.0,0.149,9.9,1.8,547
Westmeath,2024Q1,2024,1,Stable,26.2,Stressed low-supply markets,limited housing supply,944.0,0.156,13.6,2.0,385
Westmeath,2024Q2,2024,2,Lower pressure,25.0,Stressed low-supply markets,limited housing supply,1019.0,0.14,10.9,2.0,399
Westmeath,2024Q3,2024,3,Lower pressure,23.9,Stressed low-supply markets,limited housing supply,1156.0,0.133,10.4,2.0,523
Westmeath,2024Q4,2024,4,Lower pressure,22.7,Stressed low-supply markets,limited housing supply,1174.0,0.115,8.3,2.0,466
Westmeath,2025Q1,2025,1,Lower pressure,24.9,Stressed low-supply markets,limited housing supply,1139.0,0.132,7.6,0.2,394
Westmeath,2025Q2,2025,2,Stable,25.8,Stressed low-supply markets,limited housing supply,1185.0,0.139,9.3,0.2,542
Westmeath,2025Q3,2025,3,Stable,27.2,Stressed low-supply markets,limited housing supply,1138.0,0.141,10.1,0.2,541
Wexford,2018Q1,2018,1,Watchlist,46.6,High pressure growth areas,limited housing supply,989.0,0.214,9.3,1.1,889
Wexford,2018Q2,2018,2,Watchlist,46.8,High pressure growth areas,limited housing supply,994.0,0.204,8.8,1.1,889
Wexford,2018Q3,2018,3,Watchlist,47.0,High pressure growth areas,limited housing supply,953.0,0.207,7.8,1.1,889
Wexford,2018Q4,2018,4,Watchlist,47.6,High pressure growth areas,limited housing supply,896.0,0.206,7.6,1.1,889
Wexford,2019Q1,2019,1,Stable,43.8,High pressure growth areas,population growth,1044.0,0.199,6.6,2.0,889
Wexford,2019Q2,2019,2,Stable,43.6,High pressure growth areas,population growth,1030.0,0.194,5.6,2.0,889
Wexford,2019Q3,2019,3,Stable,42.9,High pressure growth areas,population growth,1035.0,0.187,4.3,2.0,889
Wexford,2019Q4,2019,4,Stable,42.8,High pressure growth areas,population growth,985.0,0.183,3.6,2.0,889
Wexford,2020Q1,2020,1,Watchlist,45.1,High pressure growth areas,limited housing supply,1083.0,0.194,2.8,1.1,889
Wexford,2020Q2,2020,2,Watchlist,45.6,High pressure growth areas,limited housing supply,1026.0,0.197,2.8,1.1,889
Wexford,2020Q3,2020,3,Watchlist,45.9,High pressure growth areas,rent growth,968.0,0.204,2.7,1.1,889
Wexford,2020Q4,2020,4,Watchlist,45.6,High pressure growth areas,rent growth,1004.0,0.182,2.5,1.1,889
Wexford,2021Q1,2021,1,Stable,44.1,High pressure growth areas,population growth,860.0,0.168,2.4,1.4,353
Wexford,2021Q2,2021,2,Stable,44.0,High pressure growth areas,population growth,915.0,0.16,3.0,1.4,406
Wexford,2021Q3,2021,3,Stable,43.9,High pressure growth areas,population growth,955.0,0.144,3.8,1.4,380
Wexford,2021Q4,2021,4,Stable,44.4,High pressure growth areas,population growth,1074.0,0.134,5.1,1.4,514
Wexford,2022Q1,2022,1,Watchlist,45.5,High pressure growth areas,population growth,1227.0,0.131,7.1,2.2,504
Wexford,2022Q2,2022,2,Watchlist,45.5,High pressure growth areas,population growth,1215.0,0.139,8.5,2.2,620
Wexford,2022Q3,2022,3,Watchlist,45.6,High pressure growth areas,population growth,1125.0,0.145,9.6,2.2,604
Wexford,2022Q4,2022,4,Watchlist,46.1,High pressure growth areas,population growth,1043.0,0.153,11.3,2.2,673
Wexford,2023Q1,2023,1,Watchlist,46.0,High pressure growth areas,rent growth,1057.0,0.168,10.7,1.6,604
Wexford,2023Q2,2023,2,Watchlist,46.3,High pressure growth areas,rent growth,939.0,0.182,11.7,1.6,590
Wexford,2023Q3,2023,3,Watchlist,47.3,High pressure growth areas,rent growth,917.0,0.192,13.6,1.6,685
Wexford,2023Q4,2023,4,Watchlist,47.2,High pressure growth areas,rent growth,1016.0,0.166,13.0,1.6,755
Wexford,2024Q1,2024,1,Watchlist,46.3,High pressure growth areas,rent growth,1061.0,0.159,13.0,1.6,531
Wexford,2024Q2,2024,2,Watchlist,45.8,High pressure growth areas,limited housing supply,1101.0,0.149,11.5,1.6,552
Wexford,2024Q3,2024,3,Stable,44.3,High pressure growth areas,limited housing supply,1310.0,0.134,9.6,1.6,722
Wexford,2024Q4,2024,4,Stable,43.5,High pressure growth areas,limited housing supply,1287.0,0.121,8.5,1.6,643
Wexford,2025Q1,2025,1,Stable,37.0,High pressure growth areas,population growth,1420.0,0.115,8.8,2.5,545
Wexford,2025Q2,2025,2,Stable,37.0,High pressure growth areas,population growth,1577.0,0.113,8.5,2.5,748
Wexford,2025Q3,2025,3,Stable,37.5,High pressure growth areas,population growth,1599.0,0.107,7.5,2.5,746
Wicklow,2018Q1,2018,1,High pressure,74.0,Mature high-value stable markets,population growth,1326.0,0.186,7.6,2.1,1414
Wicklow,2018Q2,2018,2,High pressure,74.1,Mature high-value stable markets,population growth,1359.0,0.174,6.5,2.1,1414
Wicklow,2018Q3,2018,3,High pressure,74.6,Mature high-value stable markets,population growth,1290.0,0.178,5.8,2.1,1414
Wicklow,2018Q4,2018,4,High pressure,75.2,Mature high-value stable markets,population growth,1228.0,0.175,5.2,2.1,1414
Wicklow,2019Q1,2019,1,High pressure,75.6,Mature high-value stable markets,population growth,1343.0,0.184,3.8,1.7,1414
Wicklow,2019Q2,2019,2,High pressure,75.8,Mature high-value stable markets,population growth,1301.0,0.183,3.4,1.7,1414
Wicklow,2019Q3,2019,3,High pressure,75.5,Mature high-value stable markets,population growth,1267.0,0.183,3.1,1.7,1414
Wicklow,2019Q4,2019,4,High pressure,75.5,Mature high-value stable markets,population growth,1212.0,0.178,2.3,1.7,1414
Wicklow,2020Q1,2020,1,High pressure,74.9,Mature high-value stable markets,population growth,1372.0,0.179,3.0,2.1,1414
Wicklow,2020Q2,2020,2,High pressure,75.8,Mature high-value stable markets,population growth,1273.0,0.187,3.6,2.1,1414
Wicklow,2020Q3,2020,3,High pressure,76.6,Mature high-value stable markets,population growth,1176.0,0.197,4.2,2.1,1414
Wicklow,2020Q4,2020,4,High pressure,76.8,Mature high-value stable markets,population growth,1185.0,0.182,4.9,2.1,1414
Wicklow,2021Q1,2021,1,High pressure,78.8,Mature high-value stable markets,rent growth,915.0,0.192,5.8,1.2,561
Wicklow,2021Q2,2021,2,High pressure,78.9,Mature high-value stable markets,rent growth,964.0,0.185,6.7,1.2,646
Wicklow,2021Q3,2021,3,High pressure,78.0,Mature high-value stable markets,arrears risk,1054.0,0.158,6.0,1.2,604
Wicklow,2021Q4,2021,4,High pressure,77.9,Mature high-value stable markets,arrears risk,1262.0,0.137,5.3,1.2,817
Wicklow,2022Q1,2022,1,High pressure,76.3,Mature high-value stable markets,population growth,1604.0,0.118,5.2,2.7,801
Wicklow,2022Q2,2022,2,High pressure,74.7,Mature high-value stable markets,population growth,1768.0,0.111,3.2,2.7,986
Wicklow,2022Q3,2022,3,High pressure,73.8,Mature high-value stable markets,population growth,1756.0,0.107,2.1,2.7,961
Wicklow,2022Q4,2022,4,High pressure,73.5,Mature high-value stable markets,population growth,1689.0,0.109,2.6,2.7,1071
Wicklow,2023Q1,2023,1,High pressure,76.8,Mature high-value stable markets,arrears risk,1579.0,0.134,1.2,0.4,960
Wicklow,2023Q2,2023,2,High pressure,77.3,Mature high-value stable markets,arrears risk,1361.0,0.15,3.2,0.4,938
Wicklow,2023Q3,2023,3,High pressure,78.3,Mature high-value stable markets,arrears risk,1315.0,0.161,5.4,0.4,1089
Wicklow,2023Q4,2023,4,High pressure,79.1,Mature high-value stable markets,arrears risk,1374.0,0.148,6.7,0.4,1200
Wicklow,2024Q1,2024,1,High pressure,78.2,Mature high-value stable markets,rent level,1364.0,0.147,9.9,1.1,845
Wicklow,2024Q2,2024,2,High pressure,79.3,Mature high-value stable markets,rent level,1309.0,0.151,11.0,1.1,877
Wicklow,2024Q3,2024,3,Critical,80.1,Mature high-value stable markets,rent level,1412.0,0.151,12.1,1.1,1149
Wicklow,2024Q4,2024,4,High pressure,79.9,Mature high-value stable markets,rent level,1331.0,0.142,12.4,1.1,1022
Wicklow,2025Q1,2025,1,High pressure,78.2,Mature high-value stable markets,rent level,1448.0,0.142,9.3,0.0,866
Wicklow,2025Q2,2025,2,High pressure,77.7,Mature high-value stable markets,rent level,1627.0,0.138,8.6,0.0,1190
Wicklow,2025Q3,2025,3,High pressure,77.3,Mature high-value stable markets,rent level,1673.0,0.129,7.2,0.0,1187
