"Statistic Label","Year","Sex","NACE Rev 2 Economic Sector","UNIT","VALUE"
"Employments in Top 1% of Earnings - Mean Annual Earnings","2022","Both sexes","All NACE economic sectors","Euro","325646"
"Employments in Top 1% of Earnings - Mean Annual Earnings","2022","Both sexes","Construction (F)","Euro","340107"
"Employments in Top 1% of Earnings - Mean Annual Earnings","2022","Both sexes","Wholesale and retail trade; repair of motor vehicles and motorcycles (G)","Euro","330063"
"Employments in Top 1% of Earnings - Mean Annual Earnings","2022","Both sexes","Transportation and storage (H)","Euro","309890"
"Employments in Top 1% of Earnings - Mean Annual Earnings","2022","Both sexes","Accommodation and food service activities (I)","Euro","332298"
"Employments in Top 1% of Earnings - Mean Annual Earnings","2022","Both sexes","Information and communication (J)","Euro","324759"
"Employments in Top 1% of Earnings - Mean Annual Earnings","2022","Both sexes","Professional, scientific and technical activities (M)","Euro","338693"
"Employments in Top 1% of Earnings - Mean Annual Earnings","2022","Both sexes","Administrative and support service activities (N)","Euro","348804"
"Employments in Top 1% of Earnings - Mean Annual Earnings","2022","Both sexes","Public administration and defence; compulsory social security (O)","Euro","251513"
"Employments in Top 1% of Earnings - Mean Annual Earnings","2022","Both sexes","Education (P)","Euro","283167"
"Employments in Top 1% of Earnings - Mean Annual Earnings","2022","Both sexes","Human health and social work activities (Q)","Euro","267603"
"Employments in Top 1% of Earnings - Mean Annual Earnings","2022","Both sexes","Industry (B to E)","Euro","324506"
"Employments in Top 1% of Earnings - Mean Annual Earnings","2022","Both sexes","Financial, insurance and real estate activities (K,L)","Euro","343221"
"Employments in Top 1% of Earnings - Mean Annual Earnings","2022","Both sexes","Arts, entertainment, recreation and other service activities (R,S)","Euro","329092"
"Employments in Top 1% of Earnings - Mean Annual Earnings","2022","Male","All NACE economic sectors","Euro","328589"
"Employments in Top 1% of Earnings - Mean Annual Earnings","2022","Male","Construction (F)","Euro","343459"
"Employments in Top 1% of Earnings - Mean Annual Earnings","2022","Male","Wholesale and retail trade; repair of motor vehicles and motorcycles (G)","Euro","330203"
"Employments in Top 1% of Earnings - Mean Annual Earnings","2022","Male","Transportation and storage (H)","Euro","311081"
"Employments in Top 1% of Earnings - Mean Annual Earnings","2022","Male","Accommodation and food service activities (I)","Euro","322779"
"Employments in Top 1% of Earnings - Mean Annual Earnings","2022","Male","Information and communication (J)","Euro","324557"
"Employments in Top 1% of Earnings - Mean Annual Earnings","2022","Male","Professional, scientific and technical activities (M)","Euro","341840"
"Employments in Top 1% of Earnings - Mean Annual Earnings","2022","Male","Administrative and support service activities (N)","Euro","354324"
"Employments in Top 1% of Earnings - Mean Annual Earnings","2022","Male","Public administration and defence; compulsory social security (O)","Euro","255486"
"Employments in Top 1% of Earnings - Mean Annual Earnings","2022","Male","Education (P)","Euro","290343"
"Employments in Top 1% of Earnings - Mean Annual Earnings","2022","Male","Human health and social work activities (Q)","Euro","273756"
"Employments in Top 1% of Earnings - Mean Annual Earnings","2022","Male","Industry (B to E)","Euro","324791"
"Employments in Top 1% of Earnings - Mean Annual Earnings","2022","Male","Financial, insurance and real estate activities (K,L)","Euro","346639"
"Employments in Top 1% of Earnings - Mean Annual Earnings","2022","Male","Arts, entertainment, recreation and other service activities (R,S)","Euro","341148"
"Employments in Top 1% of Earnings - Mean Annual Earnings","2022","Female","All NACE economic sectors","Euro","316894"
"Employments in Top 1% of Earnings - Mean Annual Earnings","2022","Female","Construction (F)","Euro",""
"Employments in Top 1% of Earnings - Mean Annual Earnings","2022","Female","Wholesale and retail trade; repair of motor vehicles and motorcycles (G)","Euro","329657"
"Employments in Top 1% of Earnings - Mean Annual Earnings","2022","Female","Transportation and storage (H)","Euro",""
"Employments in Top 1% of Earnings - Mean Annual Earnings","2022","Female","Accommodation and food service activities (I)","Euro",""
"Employments in Top 1% of Earnings - Mean Annual Earnings","2022","Female","Information and communication (J)","Euro","325306"
"Employments in Top 1% of Earnings - Mean Annual Earnings","2022","Female","Professional, scientific and technical activities (M)","Euro","329143"
"Employments in Top 1% of Earnings - Mean Annual Earnings","2022","Female","Administrative and support service activities (N)","Euro","334228"
"Employments in Top 1% of Earnings - Mean Annual Earnings","2022","Female","Public administration and defence; compulsory social security (O)","Euro","243917"
"Employments in Top 1% of Earnings - Mean Annual Earnings","2022","Female","Education (P)","Euro",""
"Employments in Top 1% of Earnings - Mean Annual Earnings","2022","Female","Human health and social work activities (Q)","Euro","256200"
"Employments in Top 1% of Earnings - Mean Annual Earnings","2022","Female","Industry (B to E)","Euro","323509"
"Employments in Top 1% of Earnings - Mean Annual Earnings","2022","Female","Financial, insurance and real estate activities (K,L)","Euro","331280"
"Employments in Top 1% of Earnings - Mean Annual Earnings","2022","Female","Arts, entertainment, recreation and other service activities (R,S)","Euro","284891"
"Employments in Top 1% of Earnings - Mean Annual Earnings","2023","Both sexes","All NACE economic sectors","Euro","336531"
"Employments in Top 1% of Earnings - Mean Annual Earnings","2023","Both sexes","Construction (F)","Euro","355778"
"Employments in Top 1% of Earnings - Mean Annual Earnings","2023","Both sexes","Wholesale and retail trade; repair of motor vehicles and motorcycles (G)","Euro","344193"
"Employments in Top 1% of Earnings - Mean Annual Earnings","2023","Both sexes","Transportation and storage (H)","Euro","320250"
"Employments in Top 1% of Earnings - Mean Annual Earnings","2023","Both sexes","Accommodation and food service activities (I)","Euro","362730"
"Employments in Top 1% of Earnings - Mean Annual Earnings","2023","Both sexes","Information and communication (J)","Euro","337416"
"Employments in Top 1% of Earnings - Mean Annual Earnings","2023","Both sexes","Professional, scientific and technical activities (M)","Euro","349036"
"Employments in Top 1% of Earnings - Mean Annual Earnings","2023","Both sexes","Administrative and support service activities (N)","Euro","366381"
"Employments in Top 1% of Earnings - Mean Annual Earnings","2023","Both sexes","Public administration and defence; compulsory social security (O)","Euro","264738"
"Employments in Top 1% of Earnings - Mean Annual Earnings","2023","Both sexes","Education (P)","Euro","297156"
"Employments in Top 1% of Earnings - Mean Annual Earnings","2023","Both sexes","Human health and social work activities (Q)","Euro","284642"
"Employments in Top 1% of Earnings - Mean Annual Earnings","2023","Both sexes","Industry (B to E)","Euro","336717"
"Employments in Top 1% of Earnings - Mean Annual Earnings","2023","Both sexes","Financial, insurance and real estate activities (K,L)","Euro","354770"
"Employments in Top 1% of Earnings - Mean Annual Earnings","2023","Both sexes","Arts, entertainment, recreation and other service activities (R,S)","Euro","343196"
"Employments in Top 1% of Earnings - Mean Annual Earnings","2023","Male","All NACE economic sectors","Euro","339365"
"Employments in Top 1% of Earnings - Mean Annual Earnings","2023","Male","Construction (F)","Euro","357767"
"Employments in Top 1% of Earnings - Mean Annual Earnings","2023","Male","Wholesale and retail trade; repair of motor vehicles and motorcycles (G)","Euro","345774"
"Employments in Top 1% of Earnings - Mean Annual Earnings","2023","Male","Transportation and storage (H)","Euro","321042"
"Employments in Top 1% of Earnings - Mean Annual Earnings","2023","Male","Accommodation and food service activities (I)","Euro","365233"
"Employments in Top 1% of Earnings - Mean Annual Earnings","2023","Male","Information and communication (J)","Euro","335265"
"Employments in Top 1% of Earnings - Mean Annual Earnings","2023","Male","Professional, scientific and technical activities (M)","Euro","351985"
"Employments in Top 1% of Earnings - Mean Annual Earnings","2023","Male","Administrative and support service activities (N)","Euro","372205"
"Employments in Top 1% of Earnings - Mean Annual Earnings","2023","Male","Public administration and defence; compulsory social security (O)","Euro","269606"
"Employments in Top 1% of Earnings - Mean Annual Earnings","2023","Male","Education (P)","Euro","302945"
"Employments in Top 1% of Earnings - Mean Annual Earnings","2023","Male","Human health and social work activities (Q)","Euro","290567"
"Employments in Top 1% of Earnings - Mean Annual Earnings","2023","Male","Industry (B to E)","Euro","336290"
"Employments in Top 1% of Earnings - Mean Annual Earnings","2023","Male","Financial, insurance and real estate activities (K,L)","Euro","357977"
"Employments in Top 1% of Earnings - Mean Annual Earnings","2023","Male","Arts, entertainment, recreation and other service activities (R,S)","Euro","351071"
"Employments in Top 1% of Earnings - Mean Annual Earnings","2023","Female","All NACE economic sectors","Euro","328625"
"Employments in Top 1% of Earnings - Mean Annual Earnings","2023","Female","Construction (F)","Euro",""
"Employments in Top 1% of Earnings - Mean Annual Earnings","2023","Female","Wholesale and retail trade; repair of motor vehicles and motorcycles (G)","Euro","339629"
"Employments in Top 1% of Earnings - Mean Annual Earnings","2023","Female","Transportation and storage (H)","Euro",""
"Employments in Top 1% of Earnings - Mean Annual Earnings","2023","Female","Accommodation and food service activities (I)","Euro",""
"Employments in Top 1% of Earnings - Mean Annual Earnings","2023","Female","Information and communication (J)","Euro","342988"
"Employments in Top 1% of Earnings - Mean Annual Earnings","2023","Female","Professional, scientific and technical activities (M)","Euro","339631"
"Employments in Top 1% of Earnings - Mean Annual Earnings","2023","Female","Administrative and support service activities (N)","Euro","350632"
"Employments in Top 1% of Earnings - Mean Annual Earnings","2023","Female","Public administration and defence; compulsory social security (O)","Euro","256282"
"Employments in Top 1% of Earnings - Mean Annual Earnings","2023","Female","Education (P)","Euro",""
"Employments in Top 1% of Earnings - Mean Annual Earnings","2023","Female","Human health and social work activities (Q)","Euro","274638"
"Employments in Top 1% of Earnings - Mean Annual Earnings","2023","Female","Industry (B to E)","Euro","338136"
"Employments in Top 1% of Earnings - Mean Annual Earnings","2023","Female","Financial, insurance and real estate activities (K,L)","Euro","344463"
"Employments in Top 1% of Earnings - Mean Annual Earnings","2023","Female","Arts, entertainment, recreation and other service activities (R,S)","Euro","313913"
"Employments in Top 1% of Earnings - Mean Annual Earnings","2024","Both sexes","All NACE economic sectors","Euro","361126"
"Employments in Top 1% of Earnings - Mean Annual Earnings","2024","Both sexes","Construction (F)","Euro","394338"
"Employments in Top 1% of Earnings - Mean Annual Earnings","2024","Both sexes","Wholesale and retail trade; repair of motor vehicles and motorcycles (G)","Euro","368250"
"Employments in Top 1% of Earnings - Mean Annual Earnings","2024","Both sexes","Transportation and storage (H)","Euro","347601"
"Employments in Top 1% of Earnings - Mean Annual Earnings","2024","Both sexes","Accommodation and food service activities (I)","Euro","339593"
"Employments in Top 1% of Earnings - Mean Annual Earnings","2024","Both sexes","Information and communication (J)","Euro","366521"
"Employments in Top 1% of Earnings - Mean Annual Earnings","2024","Both sexes","Professional, scientific and technical activities (M)","Euro","381370"
"Employments in Top 1% of Earnings - Mean Annual Earnings","2024","Both sexes","Administrative and support service activities (N)","Euro","386901"
"Employments in Top 1% of Earnings - Mean Annual Earnings","2024","Both sexes","Public administration and defence; compulsory social security (O)","Euro","280892"
"Employments in Top 1% of Earnings - Mean Annual Earnings","2024","Both sexes","Education (P)","Euro","315068"
"Employments in Top 1% of Earnings - Mean Annual Earnings","2024","Both sexes","Human health and social work activities (Q)","Euro","303764"
"Employments in Top 1% of Earnings - Mean Annual Earnings","2024","Both sexes","Industry (B to E)","Euro","367483"
"Employments in Top 1% of Earnings - Mean Annual Earnings","2024","Both sexes","Financial, insurance and real estate activities (K,L)","Euro","381024"
"Employments in Top 1% of Earnings - Mean Annual Earnings","2024","Both sexes","Arts, entertainment, recreation and other service activities (R,S)","Euro","395958"
"Employments in Top 1% of Earnings - Mean Annual Earnings","2024","Male","All NACE economic sectors","Euro","365311"
"Employments in Top 1% of Earnings - Mean Annual Earnings","2024","Male","Construction (F)","Euro","394641"
"Employments in Top 1% of Earnings - Mean Annual Earnings","2024","Male","Wholesale and retail trade; repair of motor vehicles and motorcycles (G)","Euro","366789"
"Employments in Top 1% of Earnings - Mean Annual Earnings","2024","Male","Transportation and storage (H)","Euro","347271"
"Employments in Top 1% of Earnings - Mean Annual Earnings","2024","Male","Accommodation and food service activities (I)","Euro","340388"
"Employments in Top 1% of Earnings - Mean Annual Earnings","2024","Male","Information and communication (J)","Euro","367934"
"Employments in Top 1% of Earnings - Mean Annual Earnings","2024","Male","Professional, scientific and technical activities (M)","Euro","385943"
"Employments in Top 1% of Earnings - Mean Annual Earnings","2024","Male","Administrative and support service activities (N)","Euro","388836"
"Employments in Top 1% of Earnings - Mean Annual Earnings","2024","Male","Public administration and defence; compulsory social security (O)","Euro","286674"
"Employments in Top 1% of Earnings - Mean Annual Earnings","2024","Male","Education (P)","Euro","316763"
"Employments in Top 1% of Earnings - Mean Annual Earnings","2024","Male","Human health and social work activities (Q)","Euro","308472"
"Employments in Top 1% of Earnings - Mean Annual Earnings","2024","Male","Industry (B to E)","Euro","368065"
"Employments in Top 1% of Earnings - Mean Annual Earnings","2024","Male","Financial, insurance and real estate activities (K,L)","Euro","384997"
"Employments in Top 1% of Earnings - Mean Annual Earnings","2024","Male","Arts, entertainment, recreation and other service activities (R,S)","Euro","400139"
"Employments in Top 1% of Earnings - Mean Annual Earnings","2024","Female","All NACE economic sectors","Euro","350124"
"Employments in Top 1% of Earnings - Mean Annual Earnings","2024","Female","Construction (F)","Euro",""
"Employments in Top 1% of Earnings - Mean Annual Earnings","2024","Female","Wholesale and retail trade; repair of motor vehicles and motorcycles (G)","Euro","372516"
"Employments in Top 1% of Earnings - Mean Annual Earnings","2024","Female","Transportation and storage (H)","Euro","350093"
"Employments in Top 1% of Earnings - Mean Annual Earnings","2024","Female","Accommodation and food service activities (I)","Euro",""
"Employments in Top 1% of Earnings - Mean Annual Earnings","2024","Female","Information and communication (J)","Euro","362727"
"Employments in Top 1% of Earnings - Mean Annual Earnings","2024","Female","Professional, scientific and technical activities (M)","Euro","368331"
"Employments in Top 1% of Earnings - Mean Annual Earnings","2024","Female","Administrative and support service activities (N)","Euro","380998"
"Employments in Top 1% of Earnings - Mean Annual Earnings","2024","Female","Public administration and defence; compulsory social security (O)","Euro","271643"
"Employments in Top 1% of Earnings - Mean Annual Earnings","2024","Female","Education (P)","Euro","312018"
"Employments in Top 1% of Earnings - Mean Annual Earnings","2024","Female","Human health and social work activities (Q)","Euro","296165"
"Employments in Top 1% of Earnings - Mean Annual Earnings","2024","Female","Industry (B to E)","Euro","365911"
"Employments in Top 1% of Earnings - Mean Annual Earnings","2024","Female","Financial, insurance and real estate activities (K,L)","Euro","368602"
"Employments in Top 1% of Earnings - Mean Annual Earnings","2024","Female","Arts, entertainment, recreation and other service activities (R,S)","Euro","380177"
"Employments in Top 1% of Earnings - Median Annual Earnings","2022","Both sexes","All NACE economic sectors","Euro","283461"
"Employments in Top 1% of Earnings - Median Annual Earnings","2022","Both sexes","Construction (F)","Euro","295878"
"Employments in Top 1% of Earnings - Median Annual Earnings","2022","Both sexes","Wholesale and retail trade; repair of motor vehicles and motorcycles (G)","Euro","288260"
"Employments in Top 1% of Earnings - Median Annual Earnings","2022","Both sexes","Transportation and storage (H)","Euro","273937"
"Employments in Top 1% of Earnings - Median Annual Earnings","2022","Both sexes","Accommodation and food service activities (I)","Euro","286904"
"Employments in Top 1% of Earnings - Median Annual Earnings","2022","Both sexes","Information and communication (J)","Euro","285188"
"Employments in Top 1% of Earnings - Median Annual Earnings","2022","Both sexes","Professional, scientific and technical activities (M)","Euro","291498"
"Employments in Top 1% of Earnings - Median Annual Earnings","2022","Both sexes","Administrative and support service activities (N)","Euro","304071"
"Employments in Top 1% of Earnings - Median Annual Earnings","2022","Both sexes","Public administration and defence; compulsory social security (O)","Euro","239002"
"Employments in Top 1% of Earnings - Median Annual Earnings","2022","Both sexes","Education (P)","Euro","260546"
"Employments in Top 1% of Earnings - Median Annual Earnings","2022","Both sexes","Human health and social work activities (Q)","Euro","249192"
"Employments in Top 1% of Earnings - Median Annual Earnings","2022","Both sexes","Industry (B to E)","Euro","284347"
"Employments in Top 1% of Earnings - Median Annual Earnings","2022","Both sexes","Financial, insurance and real estate activities (K,L)","Euro","299898"
"Employments in Top 1% of Earnings - Median Annual Earnings","2022","Both sexes","Arts, entertainment, recreation and other service activities (R,S)","Euro","289420"
"Employments in Top 1% of Earnings - Median Annual Earnings","2022","Male","All NACE economic sectors","Euro","285672"
"Employments in Top 1% of Earnings - Median Annual Earnings","2022","Male","Construction (F)","Euro","297220"
"Employments in Top 1% of Earnings - Median Annual Earnings","2022","Male","Wholesale and retail trade; repair of motor vehicles and motorcycles (G)","Euro","288207"
"Employments in Top 1% of Earnings - Median Annual Earnings","2022","Male","Transportation and storage (H)","Euro","273744"
"Employments in Top 1% of Earnings - Median Annual Earnings","2022","Male","Accommodation and food service activities (I)","Euro","287227"
"Employments in Top 1% of Earnings - Median Annual Earnings","2022","Male","Information and communication (J)","Euro","285046"
"Employments in Top 1% of Earnings - Median Annual Earnings","2022","Male","Professional, scientific and technical activities (M)","Euro","294574"
"Employments in Top 1% of Earnings - Median Annual Earnings","2022","Male","Administrative and support service activities (N)","Euro","311295"
"Employments in Top 1% of Earnings - Median Annual Earnings","2022","Male","Public administration and defence; compulsory social security (O)","Euro","236820"
"Employments in Top 1% of Earnings - Median Annual Earnings","2022","Male","Education (P)","Euro","267131"
"Employments in Top 1% of Earnings - Median Annual Earnings","2022","Male","Human health and social work activities (Q)","Euro","252018"
"Employments in Top 1% of Earnings - Median Annual Earnings","2022","Male","Industry (B to E)","Euro","284016"
"Employments in Top 1% of Earnings - Median Annual Earnings","2022","Male","Financial, insurance and real estate activities (K,L)","Euro","302119"
"Employments in Top 1% of Earnings - Median Annual Earnings","2022","Male","Arts, entertainment, recreation and other service activities (R,S)","Euro","299660"
"Employments in Top 1% of Earnings - Median Annual Earnings","2022","Female","All NACE economic sectors","Euro","277613"
"Employments in Top 1% of Earnings - Median Annual Earnings","2022","Female","Construction (F)","Euro",""
"Employments in Top 1% of Earnings - Median Annual Earnings","2022","Female","Wholesale and retail trade; repair of motor vehicles and motorcycles (G)","Euro","288565"
"Employments in Top 1% of Earnings - Median Annual Earnings","2022","Female","Transportation and storage (H)","Euro",""
"Employments in Top 1% of Earnings - Median Annual Earnings","2022","Female","Accommodation and food service activities (I)","Euro",""
"Employments in Top 1% of Earnings - Median Annual Earnings","2022","Female","Information and communication (J)","Euro","285274"
"Employments in Top 1% of Earnings - Median Annual Earnings","2022","Female","Professional, scientific and technical activities (M)","Euro","282443"
"Employments in Top 1% of Earnings - Median Annual Earnings","2022","Female","Administrative and support service activities (N)","Euro","286651"
"Employments in Top 1% of Earnings - Median Annual Earnings","2022","Female","Public administration and defence; compulsory social security (O)","Euro","240130"
"Employments in Top 1% of Earnings - Median Annual Earnings","2022","Female","Education (P)","Euro",""
"Employments in Top 1% of Earnings - Median Annual Earnings","2022","Female","Human health and social work activities (Q)","Euro","243245"
"Employments in Top 1% of Earnings - Median Annual Earnings","2022","Female","Industry (B to E)","Euro","285275"
"Employments in Top 1% of Earnings - Median Annual Earnings","2022","Female","Financial, insurance and real estate activities (K,L)","Euro","292176"
"Employments in Top 1% of Earnings - Median Annual Earnings","2022","Female","Arts, entertainment, recreation and other service activities (R,S)","Euro","269108"
"Employments in Top 1% of Earnings - Median Annual Earnings","2023","Both sexes","All NACE economic sectors","Euro","293763"
"Employments in Top 1% of Earnings - Median Annual Earnings","2023","Both sexes","Construction (F)","Euro","317465"
"Employments in Top 1% of Earnings - Median Annual Earnings","2023","Both sexes","Wholesale and retail trade; repair of motor vehicles and motorcycles (G)","Euro","301303"
"Employments in Top 1% of Earnings - Median Annual Earnings","2023","Both sexes","Transportation and storage (H)","Euro","270110"
"Employments in Top 1% of Earnings - Median Annual Earnings","2023","Both sexes","Accommodation and food service activities (I)","Euro","287566"
"Employments in Top 1% of Earnings - Median Annual Earnings","2023","Both sexes","Information and communication (J)","Euro","296466"
"Employments in Top 1% of Earnings - Median Annual Earnings","2023","Both sexes","Professional, scientific and technical activities (M)","Euro","302880"
"Employments in Top 1% of Earnings - Median Annual Earnings","2023","Both sexes","Administrative and support service activities (N)","Euro","315262"
"Employments in Top 1% of Earnings - Median Annual Earnings","2023","Both sexes","Public administration and defence; compulsory social security (O)","Euro","251861"
"Employments in Top 1% of Earnings - Median Annual Earnings","2023","Both sexes","Education (P)","Euro","281129"
"Employments in Top 1% of Earnings - Median Annual Earnings","2023","Both sexes","Human health and social work activities (Q)","Euro","267952"
"Employments in Top 1% of Earnings - Median Annual Earnings","2023","Both sexes","Industry (B to E)","Euro","296507"
"Employments in Top 1% of Earnings - Median Annual Earnings","2023","Both sexes","Financial, insurance and real estate activities (K,L)","Euro","311223"
"Employments in Top 1% of Earnings - Median Annual Earnings","2023","Both sexes","Arts, entertainment, recreation and other service activities (R,S)","Euro","293496"
"Employments in Top 1% of Earnings - Median Annual Earnings","2023","Male","All NACE economic sectors","Euro","296269"
"Employments in Top 1% of Earnings - Median Annual Earnings","2023","Male","Construction (F)","Euro","318726"
"Employments in Top 1% of Earnings - Median Annual Earnings","2023","Male","Wholesale and retail trade; repair of motor vehicles and motorcycles (G)","Euro","301301"
"Employments in Top 1% of Earnings - Median Annual Earnings","2023","Male","Transportation and storage (H)","Euro","269475"
"Employments in Top 1% of Earnings - Median Annual Earnings","2023","Male","Accommodation and food service activities (I)","Euro","293749"
"Employments in Top 1% of Earnings - Median Annual Earnings","2023","Male","Information and communication (J)","Euro","295488"
"Employments in Top 1% of Earnings - Median Annual Earnings","2023","Male","Professional, scientific and technical activities (M)","Euro","305447"
"Employments in Top 1% of Earnings - Median Annual Earnings","2023","Male","Administrative and support service activities (N)","Euro","316471"
"Employments in Top 1% of Earnings - Median Annual Earnings","2023","Male","Public administration and defence; compulsory social security (O)","Euro","250704"
"Employments in Top 1% of Earnings - Median Annual Earnings","2023","Male","Education (P)","Euro","282186"
"Employments in Top 1% of Earnings - Median Annual Earnings","2023","Male","Human health and social work activities (Q)","Euro","271641"
"Employments in Top 1% of Earnings - Median Annual Earnings","2023","Male","Industry (B to E)","Euro","296507"
"Employments in Top 1% of Earnings - Median Annual Earnings","2023","Male","Financial, insurance and real estate activities (K,L)","Euro","314406"
"Employments in Top 1% of Earnings - Median Annual Earnings","2023","Male","Arts, entertainment, recreation and other service activities (R,S)","Euro","302030"
"Employments in Top 1% of Earnings - Median Annual Earnings","2023","Female","All NACE economic sectors","Euro","287130"
"Employments in Top 1% of Earnings - Median Annual Earnings","2023","Female","Construction (F)","Euro",""
"Employments in Top 1% of Earnings - Median Annual Earnings","2023","Female","Wholesale and retail trade; repair of motor vehicles and motorcycles (G)","Euro","301444"
"Employments in Top 1% of Earnings - Median Annual Earnings","2023","Female","Transportation and storage (H)","Euro",""
"Employments in Top 1% of Earnings - Median Annual Earnings","2023","Female","Accommodation and food service activities (I)","Euro",""
"Employments in Top 1% of Earnings - Median Annual Earnings","2023","Female","Information and communication (J)","Euro","300034"
"Employments in Top 1% of Earnings - Median Annual Earnings","2023","Female","Professional, scientific and technical activities (M)","Euro","296236"
"Employments in Top 1% of Earnings - Median Annual Earnings","2023","Female","Administrative and support service activities (N)","Euro","302935"
"Employments in Top 1% of Earnings - Median Annual Earnings","2023","Female","Public administration and defence; compulsory social security (O)","Euro","253195"
"Employments in Top 1% of Earnings - Median Annual Earnings","2023","Female","Education (P)","Euro",""
"Employments in Top 1% of Earnings - Median Annual Earnings","2023","Female","Human health and social work activities (Q)","Euro","264272"
"Employments in Top 1% of Earnings - Median Annual Earnings","2023","Female","Industry (B to E)","Euro","296307"
"Employments in Top 1% of Earnings - Median Annual Earnings","2023","Female","Financial, insurance and real estate activities (K,L)","Euro","297714"
"Employments in Top 1% of Earnings - Median Annual Earnings","2023","Female","Arts, entertainment, recreation and other service activities (R,S)","Euro","278253"
"Employments in Top 1% of Earnings - Median Annual Earnings","2024","Both sexes","All NACE economic sectors","Euro","316811"
"Employments in Top 1% of Earnings - Median Annual Earnings","2024","Both sexes","Construction (F)","Euro","343139"
"Employments in Top 1% of Earnings - Median Annual Earnings","2024","Both sexes","Wholesale and retail trade; repair of motor vehicles and motorcycles (G)","Euro","323357"
"Employments in Top 1% of Earnings - Median Annual Earnings","2024","Both sexes","Transportation and storage (H)","Euro","298870"
"Employments in Top 1% of Earnings - Median Annual Earnings","2024","Both sexes","Accommodation and food service activities (I)","Euro","297527"
"Employments in Top 1% of Earnings - Median Annual Earnings","2024","Both sexes","Information and communication (J)","Euro","323255"
"Employments in Top 1% of Earnings - Median Annual Earnings","2024","Both sexes","Professional, scientific and technical activities (M)","Euro","333771"
"Employments in Top 1% of Earnings - Median Annual Earnings","2024","Both sexes","Administrative and support service activities (N)","Euro","338904"
"Employments in Top 1% of Earnings - Median Annual Earnings","2024","Both sexes","Public administration and defence; compulsory social security (O)","Euro","267495"
"Employments in Top 1% of Earnings - Median Annual Earnings","2024","Both sexes","Education (P)","Euro","309280"
"Employments in Top 1% of Earnings - Median Annual Earnings","2024","Both sexes","Human health and social work activities (Q)","Euro","289215"
"Employments in Top 1% of Earnings - Median Annual Earnings","2024","Both sexes","Industry (B to E)","Euro","324033"
"Employments in Top 1% of Earnings - Median Annual Earnings","2024","Both sexes","Financial, insurance and real estate activities (K,L)","Euro","336320"
"Employments in Top 1% of Earnings - Median Annual Earnings","2024","Both sexes","Arts, entertainment, recreation and other service activities (R,S)","Euro","344600"
"Employments in Top 1% of Earnings - Median Annual Earnings","2024","Male","All NACE economic sectors","Euro","320303"
"Employments in Top 1% of Earnings - Median Annual Earnings","2024","Male","Construction (F)","Euro","342313"
"Employments in Top 1% of Earnings - Median Annual Earnings","2024","Male","Wholesale and retail trade; repair of motor vehicles and motorcycles (G)","Euro","323345"
"Employments in Top 1% of Earnings - Median Annual Earnings","2024","Male","Transportation and storage (H)","Euro","298415"
"Employments in Top 1% of Earnings - Median Annual Earnings","2024","Male","Accommodation and food service activities (I)","Euro","301657"
"Employments in Top 1% of Earnings - Median Annual Earnings","2024","Male","Information and communication (J)","Euro","323995"
"Employments in Top 1% of Earnings - Median Annual Earnings","2024","Male","Professional, scientific and technical activities (M)","Euro","338841"
"Employments in Top 1% of Earnings - Median Annual Earnings","2024","Male","Administrative and support service activities (N)","Euro","338795"
"Employments in Top 1% of Earnings - Median Annual Earnings","2024","Male","Public administration and defence; compulsory social security (O)","Euro","267495"
"Employments in Top 1% of Earnings - Median Annual Earnings","2024","Male","Education (P)","Euro","309280"
"Employments in Top 1% of Earnings - Median Annual Earnings","2024","Male","Human health and social work activities (Q)","Euro","291047"
"Employments in Top 1% of Earnings - Median Annual Earnings","2024","Male","Industry (B to E)","Euro","322966"
"Employments in Top 1% of Earnings - Median Annual Earnings","2024","Male","Financial, insurance and real estate activities (K,L)","Euro","341653"
"Employments in Top 1% of Earnings - Median Annual Earnings","2024","Male","Arts, entertainment, recreation and other service activities (R,S)","Euro","355981"
"Employments in Top 1% of Earnings - Median Annual Earnings","2024","Female","All NACE economic sectors","Euro","309233"
"Employments in Top 1% of Earnings - Median Annual Earnings","2024","Female","Construction (F)","Euro",""
"Employments in Top 1% of Earnings - Median Annual Earnings","2024","Female","Wholesale and retail trade; repair of motor vehicles and motorcycles (G)","Euro","323441"
"Employments in Top 1% of Earnings - Median Annual Earnings","2024","Female","Transportation and storage (H)","Euro","319168"
"Employments in Top 1% of Earnings - Median Annual Earnings","2024","Female","Accommodation and food service activities (I)","Euro",""
"Employments in Top 1% of Earnings - Median Annual Earnings","2024","Female","Information and communication (J)","Euro","321626"
"Employments in Top 1% of Earnings - Median Annual Earnings","2024","Female","Professional, scientific and technical activities (M)","Euro","322098"
"Employments in Top 1% of Earnings - Median Annual Earnings","2024","Female","Administrative and support service activities (N)","Euro","339908"
"Employments in Top 1% of Earnings - Median Annual Earnings","2024","Female","Public administration and defence; compulsory social security (O)","Euro","267495"
"Employments in Top 1% of Earnings - Median Annual Earnings","2024","Female","Education (P)","Euro","311067"
"Employments in Top 1% of Earnings - Median Annual Earnings","2024","Female","Human health and social work activities (Q)","Euro","286636"
"Employments in Top 1% of Earnings - Median Annual Earnings","2024","Female","Industry (B to E)","Euro","328483"
"Employments in Top 1% of Earnings - Median Annual Earnings","2024","Female","Financial, insurance and real estate activities (K,L)","Euro","323822"
"Employments in Top 1% of Earnings - Median Annual Earnings","2024","Female","Arts, entertainment, recreation and other service activities (R,S)","Euro","320168"
"Employments in Top 10% of Earnings - Mean Annual Earnings","2022","Both sexes","All NACE economic sectors","Euro","146040"
"Employments in Top 10% of Earnings - Mean Annual Earnings","2022","Both sexes","Construction (F)","Euro","137832"
"Employments in Top 10% of Earnings - Mean Annual Earnings","2022","Both sexes","Wholesale and retail trade; repair of motor vehicles and motorcycles (G)","Euro","149729"
"Employments in Top 10% of Earnings - Mean Annual Earnings","2022","Both sexes","Transportation and storage (H)","Euro","140173"
"Employments in Top 10% of Earnings - Mean Annual Earnings","2022","Both sexes","Accommodation and food service activities (I)","Euro","137500"
"Employments in Top 10% of Earnings - Mean Annual Earnings","2022","Both sexes","Information and communication (J)","Euro","156304"
"Employments in Top 10% of Earnings - Mean Annual Earnings","2022","Both sexes","Professional, scientific and technical activities (M)","Euro","150324"
"Employments in Top 10% of Earnings - Mean Annual Earnings","2022","Both sexes","Administrative and support service activities (N)","Euro","166638"
"Employments in Top 10% of Earnings - Mean Annual Earnings","2022","Both sexes","Public administration and defence; compulsory social security (O)","Euro","110826"
"Employments in Top 10% of Earnings - Mean Annual Earnings","2022","Both sexes","Education (P)","Euro","111030"
"Employments in Top 10% of Earnings - Mean Annual Earnings","2022","Both sexes","Human health and social work activities (Q)","Euro","150243"
"Employments in Top 10% of Earnings - Mean Annual Earnings","2022","Both sexes","Industry (B to E)","Euro","140731"
"Employments in Top 10% of Earnings - Mean Annual Earnings","2022","Both sexes","Financial, insurance and real estate activities (K,L)","Euro","157711"
"Employments in Top 10% of Earnings - Mean Annual Earnings","2022","Both sexes","Arts, entertainment, recreation and other service activities (R,S)","Euro","148946"
"Employments in Top 10% of Earnings - Mean Annual Earnings","2022","Male","All NACE economic sectors","Euro","148600"
"Employments in Top 10% of Earnings - Mean Annual Earnings","2022","Male","Construction (F)","Euro","137955"
"Employments in Top 10% of Earnings - Mean Annual Earnings","2022","Male","Wholesale and retail trade; repair of motor vehicles and motorcycles (G)","Euro","151230"
"Employments in Top 10% of Earnings - Mean Annual Earnings","2022","Male","Transportation and storage (H)","Euro","141963"
"Employments in Top 10% of Earnings - Mean Annual Earnings","2022","Male","Accommodation and food service activities (I)","Euro","138622"
"Employments in Top 10% of Earnings - Mean Annual Earnings","2022","Male","Information and communication (J)","Euro","157416"
"Employments in Top 10% of Earnings - Mean Annual Earnings","2022","Male","Professional, scientific and technical activities (M)","Euro","154430"
"Employments in Top 10% of Earnings - Mean Annual Earnings","2022","Male","Administrative and support service activities (N)","Euro","171997"
"Employments in Top 10% of Earnings - Mean Annual Earnings","2022","Male","Public administration and defence; compulsory social security (O)","Euro","110203"
"Employments in Top 10% of Earnings - Mean Annual Earnings","2022","Male","Education (P)","Euro","113909"
"Employments in Top 10% of Earnings - Mean Annual Earnings","2022","Male","Human health and social work activities (Q)","Euro","160470"
"Employments in Top 10% of Earnings - Mean Annual Earnings","2022","Male","Industry (B to E)","Euro","140404"
"Employments in Top 10% of Earnings - Mean Annual Earnings","2022","Male","Financial, insurance and real estate activities (K,L)","Euro","163355"
"Employments in Top 10% of Earnings - Mean Annual Earnings","2022","Male","Arts, entertainment, recreation and other service activities (R,S)","Euro","154981"
"Employments in Top 10% of Earnings - Mean Annual Earnings","2022","Female","All NACE economic sectors","Euro","139975"
"Employments in Top 10% of Earnings - Mean Annual Earnings","2022","Female","Construction (F)","Euro","135934"
"Employments in Top 10% of Earnings - Mean Annual Earnings","2022","Female","Wholesale and retail trade; repair of motor vehicles and motorcycles (G)","Euro","145825"
"Employments in Top 10% of Earnings - Mean Annual Earnings","2022","Female","Transportation and storage (H)","Euro","130791"
"Employments in Top 10% of Earnings - Mean Annual Earnings","2022","Female","Accommodation and food service activities (I)","Euro","134418"
"Employments in Top 10% of Earnings - Mean Annual Earnings","2022","Female","Information and communication (J)","Euro","153545"
"Employments in Top 10% of Earnings - Mean Annual Earnings","2022","Female","Professional, scientific and technical activities (M)","Euro","141731"
"Employments in Top 10% of Earnings - Mean Annual Earnings","2022","Female","Administrative and support service activities (N)","Euro","155789"
"Employments in Top 10% of Earnings - Mean Annual Earnings","2022","Female","Public administration and defence; compulsory social security (O)","Euro","112412"
"Employments in Top 10% of Earnings - Mean Annual Earnings","2022","Female","Education (P)","Euro","107593"
"Employments in Top 10% of Earnings - Mean Annual Earnings","2022","Female","Human health and social work activities (Q)","Euro","138484"
"Employments in Top 10% of Earnings - Mean Annual Earnings","2022","Female","Industry (B to E)","Euro","141940"
"Employments in Top 10% of Earnings - Mean Annual Earnings","2022","Female","Financial, insurance and real estate activities (K,L)","Euro","145402"
"Employments in Top 10% of Earnings - Mean Annual Earnings","2022","Female","Arts, entertainment, recreation and other service activities (R,S)","Euro","134241"
"Employments in Top 10% of Earnings - Mean Annual Earnings","2023","Both sexes","All NACE economic sectors","Euro","151829"
"Employments in Top 10% of Earnings - Mean Annual Earnings","2023","Both sexes","Construction (F)","Euro","144618"
"Employments in Top 10% of Earnings - Mean Annual Earnings","2023","Both sexes","Wholesale and retail trade; repair of motor vehicles and motorcycles (G)","Euro","153245"
"Employments in Top 10% of Earnings - Mean Annual Earnings","2023","Both sexes","Transportation and storage (H)","Euro","148330"
"Employments in Top 10% of Earnings - Mean Annual Earnings","2023","Both sexes","Accommodation and food service activities (I)","Euro","145481"
"Employments in Top 10% of Earnings - Mean Annual Earnings","2023","Both sexes","Information and communication (J)","Euro","162794"
"Employments in Top 10% of Earnings - Mean Annual Earnings","2023","Both sexes","Professional, scientific and technical activities (M)","Euro","154190"
"Employments in Top 10% of Earnings - Mean Annual Earnings","2023","Both sexes","Administrative and support service activities (N)","Euro","172578"
"Employments in Top 10% of Earnings - Mean Annual Earnings","2023","Both sexes","Public administration and defence; compulsory social security (O)","Euro","114914"
"Employments in Top 10% of Earnings - Mean Annual Earnings","2023","Both sexes","Education (P)","Euro","115392"
"Employments in Top 10% of Earnings - Mean Annual Earnings","2023","Both sexes","Human health and social work activities (Q)","Euro","162800"
"Employments in Top 10% of Earnings - Mean Annual Earnings","2023","Both sexes","Industry (B to E)","Euro","145081"
"Employments in Top 10% of Earnings - Mean Annual Earnings","2023","Both sexes","Financial, insurance and real estate activities (K,L)","Euro","163197"
"Employments in Top 10% of Earnings - Mean Annual Earnings","2023","Both sexes","Arts, entertainment, recreation and other service activities (R,S)","Euro","149725"
"Employments in Top 10% of Earnings - Mean Annual Earnings","2023","Male","All NACE economic sectors","Euro","154174"
"Employments in Top 10% of Earnings - Mean Annual Earnings","2023","Male","Construction (F)","Euro","145130"
"Employments in Top 10% of Earnings - Mean Annual Earnings","2023","Male","Wholesale and retail trade; repair of motor vehicles and motorcycles (G)","Euro","154840"
"Employments in Top 10% of Earnings - Mean Annual Earnings","2023","Male","Transportation and storage (H)","Euro","150224"
"Employments in Top 10% of Earnings - Mean Annual Earnings","2023","Male","Accommodation and food service activities (I)","Euro","148508"
"Employments in Top 10% of Earnings - Mean Annual Earnings","2023","Male","Information and communication (J)","Euro","163326"
"Employments in Top 10% of Earnings - Mean Annual Earnings","2023","Male","Professional, scientific and technical activities (M)","Euro","158470"
"Employments in Top 10% of Earnings - Mean Annual Earnings","2023","Male","Administrative and support service activities (N)","Euro","176991"
"Employments in Top 10% of Earnings - Mean Annual Earnings","2023","Male","Public administration and defence; compulsory social security (O)","Euro","114292"
"Employments in Top 10% of Earnings - Mean Annual Earnings","2023","Male","Education (P)","Euro","118120"
"Employments in Top 10% of Earnings - Mean Annual Earnings","2023","Male","Human health and social work activities (Q)","Euro","174544"
"Employments in Top 10% of Earnings - Mean Annual Earnings","2023","Male","Industry (B to E)","Euro","144569"
"Employments in Top 10% of Earnings - Mean Annual Earnings","2023","Male","Financial, insurance and real estate activities (K,L)","Euro","168650"
"Employments in Top 10% of Earnings - Mean Annual Earnings","2023","Male","Arts, entertainment, recreation and other service activities (R,S)","Euro","154715"
"Employments in Top 10% of Earnings - Mean Annual Earnings","2023","Female","All NACE economic sectors","Euro","146399"
"Employments in Top 10% of Earnings - Mean Annual Earnings","2023","Female","Construction (F)","Euro","137517"
"Employments in Top 10% of Earnings - Mean Annual Earnings","2023","Female","Wholesale and retail trade; repair of motor vehicles and motorcycles (G)","Euro","149125"
"Employments in Top 10% of Earnings - Mean Annual Earnings","2023","Female","Transportation and storage (H)","Euro","138177"
"Employments in Top 10% of Earnings - Mean Annual Earnings","2023","Female","Accommodation and food service activities (I)","Euro","137921"
"Employments in Top 10% of Earnings - Mean Annual Earnings","2023","Female","Information and communication (J)","Euro","161492"
"Employments in Top 10% of Earnings - Mean Annual Earnings","2023","Female","Professional, scientific and technical activities (M)","Euro","145312"
"Employments in Top 10% of Earnings - Mean Annual Earnings","2023","Female","Administrative and support service activities (N)","Euro","162986"
"Employments in Top 10% of Earnings - Mean Annual Earnings","2023","Female","Public administration and defence; compulsory social security (O)","Euro","116546"
"Employments in Top 10% of Earnings - Mean Annual Earnings","2023","Female","Education (P)","Euro","112235"
"Employments in Top 10% of Earnings - Mean Annual Earnings","2023","Female","Human health and social work activities (Q)","Euro","149783"
"Employments in Top 10% of Earnings - Mean Annual Earnings","2023","Female","Industry (B to E)","Euro","146851"
"Employments in Top 10% of Earnings - Mean Annual Earnings","2023","Female","Financial, insurance and real estate activities (K,L)","Euro","151681"
"Employments in Top 10% of Earnings - Mean Annual Earnings","2023","Female","Arts, entertainment, recreation and other service activities (R,S)","Euro","137507"
"Employments in Top 10% of Earnings - Mean Annual Earnings","2024","Both sexes","All NACE economic sectors","Euro","160512"
"Employments in Top 10% of Earnings - Mean Annual Earnings","2024","Both sexes","Construction (F)","Euro","151471"
"Employments in Top 10% of Earnings - Mean Annual Earnings","2024","Both sexes","Wholesale and retail trade; repair of motor vehicles and motorcycles (G)","Euro","160209"
"Employments in Top 10% of Earnings - Mean Annual Earnings","2024","Both sexes","Transportation and storage (H)","Euro","157108"
"Employments in Top 10% of Earnings - Mean Annual Earnings","2024","Both sexes","Accommodation and food service activities (I)","Euro","149337"
"Employments in Top 10% of Earnings - Mean Annual Earnings","2024","Both sexes","Information and communication (J)","Euro","177004"
"Employments in Top 10% of Earnings - Mean Annual Earnings","2024","Both sexes","Professional, scientific and technical activities (M)","Euro","162449"
"Employments in Top 10% of Earnings - Mean Annual Earnings","2024","Both sexes","Administrative and support service activities (N)","Euro","180027"
"Employments in Top 10% of Earnings - Mean Annual Earnings","2024","Both sexes","Public administration and defence; compulsory social security (O)","Euro","119807"
"Employments in Top 10% of Earnings - Mean Annual Earnings","2024","Both sexes","Education (P)","Euro","120092"
"Employments in Top 10% of Earnings - Mean Annual Earnings","2024","Both sexes","Human health and social work activities (Q)","Euro","174931"
"Employments in Top 10% of Earnings - Mean Annual Earnings","2024","Both sexes","Industry (B to E)","Euro","152418"
"Employments in Top 10% of Earnings - Mean Annual Earnings","2024","Both sexes","Financial, insurance and real estate activities (K,L)","Euro","168958"
"Employments in Top 10% of Earnings - Mean Annual Earnings","2024","Both sexes","Arts, entertainment, recreation and other service activities (R,S)","Euro","165343"
"Employments in Top 10% of Earnings - Mean Annual Earnings","2024","Male","All NACE economic sectors","Euro","162995"
"Employments in Top 10% of Earnings - Mean Annual Earnings","2024","Male","Construction (F)","Euro","151456"
"Employments in Top 10% of Earnings - Mean Annual Earnings","2024","Male","Wholesale and retail trade; repair of motor vehicles and motorcycles (G)","Euro","161979"
"Employments in Top 10% of Earnings - Mean Annual Earnings","2024","Male","Transportation and storage (H)","Euro","158585"
"Employments in Top 10% of Earnings - Mean Annual Earnings","2024","Male","Accommodation and food service activities (I)","Euro","149931"
"Employments in Top 10% of Earnings - Mean Annual Earnings","2024","Male","Information and communication (J)","Euro","178314"
"Employments in Top 10% of Earnings - Mean Annual Earnings","2024","Male","Professional, scientific and technical activities (M)","Euro","166542"
"Employments in Top 10% of Earnings - Mean Annual Earnings","2024","Male","Administrative and support service activities (N)","Euro","184691"
"Employments in Top 10% of Earnings - Mean Annual Earnings","2024","Male","Public administration and defence; compulsory social security (O)","Euro","119284"
"Employments in Top 10% of Earnings - Mean Annual Earnings","2024","Male","Education (P)","Euro","122478"
"Employments in Top 10% of Earnings - Mean Annual Earnings","2024","Male","Human health and social work activities (Q)","Euro","187700"
"Employments in Top 10% of Earnings - Mean Annual Earnings","2024","Male","Industry (B to E)","Euro","151369"
"Employments in Top 10% of Earnings - Mean Annual Earnings","2024","Male","Financial, insurance and real estate activities (K,L)","Euro","174193"
"Employments in Top 10% of Earnings - Mean Annual Earnings","2024","Male","Arts, entertainment, recreation and other service activities (R,S)","Euro","170644"
"Employments in Top 10% of Earnings - Mean Annual Earnings","2024","Female","All NACE economic sectors","Euro","154881"
"Employments in Top 10% of Earnings - Mean Annual Earnings","2024","Female","Construction (F)","Euro","151657"
"Employments in Top 10% of Earnings - Mean Annual Earnings","2024","Female","Wholesale and retail trade; repair of motor vehicles and motorcycles (G)","Euro","155840"
"Employments in Top 10% of Earnings - Mean Annual Earnings","2024","Female","Transportation and storage (H)","Euro","149601"
"Employments in Top 10% of Earnings - Mean Annual Earnings","2024","Female","Accommodation and food service activities (I)","Euro","147849"
"Employments in Top 10% of Earnings - Mean Annual Earnings","2024","Female","Information and communication (J)","Euro","173773"
"Employments in Top 10% of Earnings - Mean Annual Earnings","2024","Female","Professional, scientific and technical activities (M)","Euro","154015"
"Employments in Top 10% of Earnings - Mean Annual Earnings","2024","Female","Administrative and support service activities (N)","Euro","169950"
"Employments in Top 10% of Earnings - Mean Annual Earnings","2024","Female","Public administration and defence; compulsory social security (O)","Euro","121139"
"Employments in Top 10% of Earnings - Mean Annual Earnings","2024","Female","Education (P)","Euro","117441"
"Employments in Top 10% of Earnings - Mean Annual Earnings","2024","Female","Human health and social work activities (Q)","Euro","161094"
"Employments in Top 10% of Earnings - Mean Annual Earnings","2024","Female","Industry (B to E)","Euro","155824"
"Employments in Top 10% of Earnings - Mean Annual Earnings","2024","Female","Financial, insurance and real estate activities (K,L)","Euro","157955"
"Employments in Top 10% of Earnings - Mean Annual Earnings","2024","Female","Arts, entertainment, recreation and other service activities (R,S)","Euro","152613"
"Employments in Top 10% of Earnings - Median Annual Earnings","2022","Both sexes","All NACE economic sectors","Euro","119716"
"Employments in Top 10% of Earnings - Median Annual Earnings","2022","Both sexes","Construction (F)","Euro","114732"
"Employments in Top 10% of Earnings - Median Annual Earnings","2022","Both sexes","Wholesale and retail trade; repair of motor vehicles and motorcycles (G)","Euro","123159"
"Employments in Top 10% of Earnings - Median Annual Earnings","2022","Both sexes","Transportation and storage (H)","Euro","121278"
"Employments in Top 10% of Earnings - Median Annual Earnings","2022","Both sexes","Accommodation and food service activities (I)","Euro","114798"
"Employments in Top 10% of Earnings - Median Annual Earnings","2022","Both sexes","Information and communication (J)","Euro","130470"
"Employments in Top 10% of Earnings - Median Annual Earnings","2022","Both sexes","Professional, scientific and technical activities (M)","Euro","124203"
"Employments in Top 10% of Earnings - Median Annual Earnings","2022","Both sexes","Administrative and support service activities (N)","Euro","130672"
"Employments in Top 10% of Earnings - Median Annual Earnings","2022","Both sexes","Public administration and defence; compulsory social security (O)","Euro","103364"
"Employments in Top 10% of Earnings - Median Annual Earnings","2022","Both sexes","Education (P)","Euro","102432"
"Employments in Top 10% of Earnings - Median Annual Earnings","2022","Both sexes","Human health and social work activities (Q)","Euro","121349"
"Employments in Top 10% of Earnings - Median Annual Earnings","2022","Both sexes","Industry (B to E)","Euro","117237"
"Employments in Top 10% of Earnings - Median Annual Earnings","2022","Both sexes","Financial, insurance and real estate activities (K,L)","Euro","126473"
"Employments in Top 10% of Earnings - Median Annual Earnings","2022","Both sexes","Arts, entertainment, recreation and other service activities (R,S)","Euro","122647"
"Employments in Top 10% of Earnings - Median Annual Earnings","2022","Male","All NACE economic sectors","Euro","121426"
"Employments in Top 10% of Earnings - Median Annual Earnings","2022","Male","Construction (F)","Euro","114773"
"Employments in Top 10% of Earnings - Median Annual Earnings","2022","Male","Wholesale and retail trade; repair of motor vehicles and motorcycles (G)","Euro","124528"
"Employments in Top 10% of Earnings - Median Annual Earnings","2022","Male","Transportation and storage (H)","Euro","122108"
"Employments in Top 10% of Earnings - Median Annual Earnings","2022","Male","Accommodation and food service activities (I)","Euro","115348"
"Employments in Top 10% of Earnings - Median Annual Earnings","2022","Male","Information and communication (J)","Euro","131546"
"Employments in Top 10% of Earnings - Median Annual Earnings","2022","Male","Professional, scientific and technical activities (M)","Euro","126359"
"Employments in Top 10% of Earnings - Median Annual Earnings","2022","Male","Administrative and support service activities (N)","Euro","134548"
"Employments in Top 10% of Earnings - Median Annual Earnings","2022","Male","Public administration and defence; compulsory social security (O)","Euro","103118"
"Employments in Top 10% of Earnings - Median Annual Earnings","2022","Male","Education (P)","Euro","104612"
"Employments in Top 10% of Earnings - Median Annual Earnings","2022","Male","Human health and social work activities (Q)","Euro","135963"
"Employments in Top 10% of Earnings - Median Annual Earnings","2022","Male","Industry (B to E)","Euro","117023"
"Employments in Top 10% of Earnings - Median Annual Earnings","2022","Male","Financial, insurance and real estate activities (K,L)","Euro","130398"
"Employments in Top 10% of Earnings - Median Annual Earnings","2022","Male","Arts, entertainment, recreation and other service activities (R,S)","Euro","125633"
"Employments in Top 10% of Earnings - Median Annual Earnings","2022","Female","All NACE economic sectors","Euro","115950"
"Employments in Top 10% of Earnings - Median Annual Earnings","2022","Female","Construction (F)","Euro","114115"
"Employments in Top 10% of Earnings - Median Annual Earnings","2022","Female","Wholesale and retail trade; repair of motor vehicles and motorcycles (G)","Euro","120061"
"Employments in Top 10% of Earnings - Median Annual Earnings","2022","Female","Transportation and storage (H)","Euro","117516"
"Employments in Top 10% of Earnings - Median Annual Earnings","2022","Female","Accommodation and food service activities (I)","Euro","112956"
"Employments in Top 10% of Earnings - Median Annual Earnings","2022","Female","Information and communication (J)","Euro","127818"
"Employments in Top 10% of Earnings - Median Annual Earnings","2022","Female","Professional, scientific and technical activities (M)","Euro","120445"
"Employments in Top 10% of Earnings - Median Annual Earnings","2022","Female","Administrative and support service activities (N)","Euro","125321"
"Employments in Top 10% of Earnings - Median Annual Earnings","2022","Female","Public administration and defence; compulsory social security (O)","Euro","103773"
"Employments in Top 10% of Earnings - Median Annual Earnings","2022","Female","Education (P)","Euro","100675"
"Employments in Top 10% of Earnings - Median Annual Earnings","2022","Female","Human health and social work activities (Q)","Euro","111755"
"Employments in Top 10% of Earnings - Median Annual Earnings","2022","Female","Industry (B to E)","Euro","118129"
"Employments in Top 10% of Earnings - Median Annual Earnings","2022","Female","Financial, insurance and real estate activities (K,L)","Euro","119623"
"Employments in Top 10% of Earnings - Median Annual Earnings","2022","Female","Arts, entertainment, recreation and other service activities (R,S)","Euro","114970"
"Employments in Top 10% of Earnings - Median Annual Earnings","2023","Both sexes","All NACE economic sectors","Euro","124685"
"Employments in Top 10% of Earnings - Median Annual Earnings","2023","Both sexes","Construction (F)","Euro","120000"
"Employments in Top 10% of Earnings - Median Annual Earnings","2023","Both sexes","Wholesale and retail trade; repair of motor vehicles and motorcycles (G)","Euro","126896"
"Employments in Top 10% of Earnings - Median Annual Earnings","2023","Both sexes","Transportation and storage (H)","Euro","127753"
"Employments in Top 10% of Earnings - Median Annual Earnings","2023","Both sexes","Accommodation and food service activities (I)","Euro","123041"
"Employments in Top 10% of Earnings - Median Annual Earnings","2023","Both sexes","Information and communication (J)","Euro","136564"
"Employments in Top 10% of Earnings - Median Annual Earnings","2023","Both sexes","Professional, scientific and technical activities (M)","Euro","128660"
"Employments in Top 10% of Earnings - Median Annual Earnings","2023","Both sexes","Administrative and support service activities (N)","Euro","135604"
"Employments in Top 10% of Earnings - Median Annual Earnings","2023","Both sexes","Public administration and defence; compulsory social security (O)","Euro","107424"
"Employments in Top 10% of Earnings - Median Annual Earnings","2023","Both sexes","Education (P)","Euro","106595"
"Employments in Top 10% of Earnings - Median Annual Earnings","2023","Both sexes","Human health and social work activities (Q)","Euro","126973"
"Employments in Top 10% of Earnings - Median Annual Earnings","2023","Both sexes","Industry (B to E)","Euro","122075"
"Employments in Top 10% of Earnings - Median Annual Earnings","2023","Both sexes","Financial, insurance and real estate activities (K,L)","Euro","131528"
"Employments in Top 10% of Earnings - Median Annual Earnings","2023","Both sexes","Arts, entertainment, recreation and other service activities (R,S)","Euro","124694"
"Employments in Top 10% of Earnings - Median Annual Earnings","2023","Male","All NACE economic sectors","Euro","126408"
"Employments in Top 10% of Earnings - Median Annual Earnings","2023","Male","Construction (F)","Euro","120258"
"Employments in Top 10% of Earnings - Median Annual Earnings","2023","Male","Wholesale and retail trade; repair of motor vehicles and motorcycles (G)","Euro","128197"
"Employments in Top 10% of Earnings - Median Annual Earnings","2023","Male","Transportation and storage (H)","Euro","129599"
"Employments in Top 10% of Earnings - Median Annual Earnings","2023","Male","Accommodation and food service activities (I)","Euro","125000"
"Employments in Top 10% of Earnings - Median Annual Earnings","2023","Male","Information and communication (J)","Euro","137472"
"Employments in Top 10% of Earnings - Median Annual Earnings","2023","Male","Professional, scientific and technical activities (M)","Euro","131067"
"Employments in Top 10% of Earnings - Median Annual Earnings","2023","Male","Administrative and support service activities (N)","Euro","137933"
"Employments in Top 10% of Earnings - Median Annual Earnings","2023","Male","Public administration and defence; compulsory social security (O)","Euro","107428"
"Employments in Top 10% of Earnings - Median Annual Earnings","2023","Male","Education (P)","Euro","108345"
"Employments in Top 10% of Earnings - Median Annual Earnings","2023","Male","Human health and social work activities (Q)","Euro","142746"
"Employments in Top 10% of Earnings - Median Annual Earnings","2023","Male","Industry (B to E)","Euro","121782"
"Employments in Top 10% of Earnings - Median Annual Earnings","2023","Male","Financial, insurance and real estate activities (K,L)","Euro","135165"
"Employments in Top 10% of Earnings - Median Annual Earnings","2023","Male","Arts, entertainment, recreation and other service activities (R,S)","Euro","127768"
"Employments in Top 10% of Earnings - Median Annual Earnings","2023","Female","All NACE economic sectors","Euro","121250"
"Employments in Top 10% of Earnings - Median Annual Earnings","2023","Female","Construction (F)","Euro","117020"
"Employments in Top 10% of Earnings - Median Annual Earnings","2023","Female","Wholesale and retail trade; repair of motor vehicles and motorcycles (G)","Euro","123307"
"Employments in Top 10% of Earnings - Median Annual Earnings","2023","Female","Transportation and storage (H)","Euro","120608"
"Employments in Top 10% of Earnings - Median Annual Earnings","2023","Female","Accommodation and food service activities (I)","Euro","119702"
"Employments in Top 10% of Earnings - Median Annual Earnings","2023","Female","Information and communication (J)","Euro","134500"
"Employments in Top 10% of Earnings - Median Annual Earnings","2023","Female","Professional, scientific and technical activities (M)","Euro","124487"
"Employments in Top 10% of Earnings - Median Annual Earnings","2023","Female","Administrative and support service activities (N)","Euro","130899"
"Employments in Top 10% of Earnings - Median Annual Earnings","2023","Female","Public administration and defence; compulsory social security (O)","Euro","107158"
"Employments in Top 10% of Earnings - Median Annual Earnings","2023","Female","Education (P)","Euro","105376"
"Employments in Top 10% of Earnings - Median Annual Earnings","2023","Female","Human health and social work activities (Q)","Euro","116495"
"Employments in Top 10% of Earnings - Median Annual Earnings","2023","Female","Industry (B to E)","Euro","122959"
"Employments in Top 10% of Earnings - Median Annual Earnings","2023","Female","Financial, insurance and real estate activities (K,L)","Euro","125513"
"Employments in Top 10% of Earnings - Median Annual Earnings","2023","Female","Arts, entertainment, recreation and other service activities (R,S)","Euro","119773"
"Employments in Top 10% of Earnings - Median Annual Earnings","2024","Both sexes","All NACE economic sectors","Euro","130600"
"Employments in Top 10% of Earnings - Median Annual Earnings","2024","Both sexes","Construction (F)","Euro","125476"
"Employments in Top 10% of Earnings - Median Annual Earnings","2024","Both sexes","Wholesale and retail trade; repair of motor vehicles and motorcycles (G)","Euro","131925"
"Employments in Top 10% of Earnings - Median Annual Earnings","2024","Both sexes","Transportation and storage (H)","Euro","135796"
"Employments in Top 10% of Earnings - Median Annual Earnings","2024","Both sexes","Accommodation and food service activities (I)","Euro","125585"
"Employments in Top 10% of Earnings - Median Annual Earnings","2024","Both sexes","Information and communication (J)","Euro","147619"
"Employments in Top 10% of Earnings - Median Annual Earnings","2024","Both sexes","Professional, scientific and technical activities (M)","Euro","133827"
"Employments in Top 10% of Earnings - Median Annual Earnings","2024","Both sexes","Administrative and support service activities (N)","Euro","141652"
"Employments in Top 10% of Earnings - Median Annual Earnings","2024","Both sexes","Public administration and defence; compulsory social security (O)","Euro","111971"
"Employments in Top 10% of Earnings - Median Annual Earnings","2024","Both sexes","Education (P)","Euro","111273"
"Employments in Top 10% of Earnings - Median Annual Earnings","2024","Both sexes","Human health and social work activities (Q)","Euro","131169"
"Employments in Top 10% of Earnings - Median Annual Earnings","2024","Both sexes","Industry (B to E)","Euro","126899"
"Employments in Top 10% of Earnings - Median Annual Earnings","2024","Both sexes","Financial, insurance and real estate activities (K,L)","Euro","137450"
"Employments in Top 10% of Earnings - Median Annual Earnings","2024","Both sexes","Arts, entertainment, recreation and other service activities (R,S)","Euro","132330"
"Employments in Top 10% of Earnings - Median Annual Earnings","2024","Male","All NACE economic sectors","Euro","132452"
"Employments in Top 10% of Earnings - Median Annual Earnings","2024","Male","Construction (F)","Euro","125458"
"Employments in Top 10% of Earnings - Median Annual Earnings","2024","Male","Wholesale and retail trade; repair of motor vehicles and motorcycles (G)","Euro","133516"
"Employments in Top 10% of Earnings - Median Annual Earnings","2024","Male","Transportation and storage (H)","Euro","137042"
"Employments in Top 10% of Earnings - Median Annual Earnings","2024","Male","Accommodation and food service activities (I)","Euro","125800"
"Employments in Top 10% of Earnings - Median Annual Earnings","2024","Male","Information and communication (J)","Euro","148583"
"Employments in Top 10% of Earnings - Median Annual Earnings","2024","Male","Professional, scientific and technical activities (M)","Euro","136000"
"Employments in Top 10% of Earnings - Median Annual Earnings","2024","Male","Administrative and support service activities (N)","Euro","144010"
"Employments in Top 10% of Earnings - Median Annual Earnings","2024","Male","Public administration and defence; compulsory social security (O)","Euro","112126"
"Employments in Top 10% of Earnings - Median Annual Earnings","2024","Male","Education (P)","Euro","113093"
"Employments in Top 10% of Earnings - Median Annual Earnings","2024","Male","Human health and social work activities (Q)","Euro","145000"
"Employments in Top 10% of Earnings - Median Annual Earnings","2024","Male","Industry (B to E)","Euro","126522"
"Employments in Top 10% of Earnings - Median Annual Earnings","2024","Male","Financial, insurance and real estate activities (K,L)","Euro","140415"
"Employments in Top 10% of Earnings - Median Annual Earnings","2024","Male","Arts, entertainment, recreation and other service activities (R,S)","Euro","135577"
"Employments in Top 10% of Earnings - Median Annual Earnings","2024","Female","All NACE economic sectors","Euro","126651"
"Employments in Top 10% of Earnings - Median Annual Earnings","2024","Female","Construction (F)","Euro","125519"
"Employments in Top 10% of Earnings - Median Annual Earnings","2024","Female","Wholesale and retail trade; repair of motor vehicles and motorcycles (G)","Euro","128418"
"Employments in Top 10% of Earnings - Median Annual Earnings","2024","Female","Transportation and storage (H)","Euro","130205"
"Employments in Top 10% of Earnings - Median Annual Earnings","2024","Female","Accommodation and food service activities (I)","Euro","125161"
"Employments in Top 10% of Earnings - Median Annual Earnings","2024","Female","Information and communication (J)","Euro","145519"
"Employments in Top 10% of Earnings - Median Annual Earnings","2024","Female","Professional, scientific and technical activities (M)","Euro","129992"
"Employments in Top 10% of Earnings - Median Annual Earnings","2024","Female","Administrative and support service activities (N)","Euro","136780"
"Employments in Top 10% of Earnings - Median Annual Earnings","2024","Female","Public administration and defence; compulsory social security (O)","Euro","111556"
"Employments in Top 10% of Earnings - Median Annual Earnings","2024","Female","Education (P)","Euro","110228"
"Employments in Top 10% of Earnings - Median Annual Earnings","2024","Female","Human health and social work activities (Q)","Euro","121167"
"Employments in Top 10% of Earnings - Median Annual Earnings","2024","Female","Industry (B to E)","Euro","128599"
"Employments in Top 10% of Earnings - Median Annual Earnings","2024","Female","Financial, insurance and real estate activities (K,L)","Euro","131953"
"Employments in Top 10% of Earnings - Median Annual Earnings","2024","Female","Arts, entertainment, recreation and other service activities (R,S)","Euro","127425"
"All Employments - Mean Annual Earnings","2022","Both sexes","All NACE economic sectors","Euro","52053"
"All Employments - Mean Annual Earnings","2022","Both sexes","Construction (F)","Euro","46252"
"All Employments - Mean Annual Earnings","2022","Both sexes","Wholesale and retail trade; repair of motor vehicles and motorcycles (G)","Euro","39585"
"All Employments - Mean Annual Earnings","2022","Both sexes","Transportation and storage (H)","Euro","47836"
"All Employments - Mean Annual Earnings","2022","Both sexes","Accommodation and food service activities (I)","Euro","26276"
"All Employments - Mean Annual Earnings","2022","Both sexes","Information and communication (J)","Euro","89173"
"All Employments - Mean Annual Earnings","2022","Both sexes","Professional, scientific and technical activities (M)","Euro","61836"
"All Employments - Mean Annual Earnings","2022","Both sexes","Administrative and support service activities (N)","Euro","45219"
"All Employments - Mean Annual Earnings","2022","Both sexes","Public administration and defence; compulsory social security (O)","Euro","57283"
"All Employments - Mean Annual Earnings","2022","Both sexes","Education (P)","Euro","54572"
"All Employments - Mean Annual Earnings","2022","Both sexes","Human health and social work activities (Q)","Euro","45042"
"All Employments - Mean Annual Earnings","2022","Both sexes","Industry (B to E)","Euro","58663"
"All Employments - Mean Annual Earnings","2022","Both sexes","Financial, insurance and real estate activities (K,L)","Euro","72528"
"All Employments - Mean Annual Earnings","2022","Both sexes","Arts, entertainment, recreation and other service activities (R,S)","Euro","32990"
"All Employments - Mean Annual Earnings","2022","Male","All NACE economic sectors","Euro","58612"
"All Employments - Mean Annual Earnings","2022","Male","Construction (F)","Euro","48306"
"All Employments - Mean Annual Earnings","2022","Male","Wholesale and retail trade; repair of motor vehicles and motorcycles (G)","Euro","46363"
"All Employments - Mean Annual Earnings","2022","Male","Transportation and storage (H)","Euro","49525"
"All Employments - Mean Annual Earnings","2022","Male","Accommodation and food service activities (I)","Euro","29474"
"All Employments - Mean Annual Earnings","2022","Male","Information and communication (J)","Euro","94802"
"All Employments - Mean Annual Earnings","2022","Male","Professional, scientific and technical activities (M)","Euro","71550"
"All Employments - Mean Annual Earnings","2022","Male","Administrative and support service activities (N)","Euro","50292"
"All Employments - Mean Annual Earnings","2022","Male","Public administration and defence; compulsory social security (O)","Euro","60649"
"All Employments - Mean Annual Earnings","2022","Male","Education (P)","Euro","61725"
"All Employments - Mean Annual Earnings","2022","Male","Human health and social work activities (Q)","Euro","51831"
"All Employments - Mean Annual Earnings","2022","Male","Industry (B to E)","Euro","61062"
"All Employments - Mean Annual Earnings","2022","Male","Financial, insurance and real estate activities (K,L)","Euro","87072"
"All Employments - Mean Annual Earnings","2022","Male","Arts, entertainment, recreation and other service activities (R,S)","Euro","40171"
"All Employments - Mean Annual Earnings","2022","Female","All NACE economic sectors","Euro","45151"
"All Employments - Mean Annual Earnings","2022","Female","Construction (F)","Euro","32832"
"All Employments - Mean Annual Earnings","2022","Female","Wholesale and retail trade; repair of motor vehicles and motorcycles (G)","Euro","32032"
"All Employments - Mean Annual Earnings","2022","Female","Transportation and storage (H)","Euro","41753"
"All Employments - Mean Annual Earnings","2022","Female","Accommodation and food service activities (I)","Euro","23161"
"All Employments - Mean Annual Earnings","2022","Female","Information and communication (J)","Euro","78996"
"All Employments - Mean Annual Earnings","2022","Female","Professional, scientific and technical activities (M)","Euro","51624"
"All Employments - Mean Annual Earnings","2022","Female","Administrative and support service activities (N)","Euro","38365"
"All Employments - Mean Annual Earnings","2022","Female","Public administration and defence; compulsory social security (O)","Euro","52764"
"All Employments - Mean Annual Earnings","2022","Female","Education (P)","Euro","51855"
"All Employments - Mean Annual Earnings","2022","Female","Human health and social work activities (Q)","Euro","42957"
"All Employments - Mean Annual Earnings","2022","Female","Industry (B to E)","Euro","52611"
"All Employments - Mean Annual Earnings","2022","Female","Financial, insurance and real estate activities (K,L)","Euro","58645"
"All Employments - Mean Annual Earnings","2022","Female","Arts, entertainment, recreation and other service activities (R,S)","Euro","28052"
"All Employments - Mean Annual Earnings","2023","Both sexes","All NACE economic sectors","Euro","53995"
"All Employments - Mean Annual Earnings","2023","Both sexes","Construction (F)","Euro","48357"
"All Employments - Mean Annual Earnings","2023","Both sexes","Wholesale and retail trade; repair of motor vehicles and motorcycles (G)","Euro","40945"
"All Employments - Mean Annual Earnings","2023","Both sexes","Transportation and storage (H)","Euro","48105"
"All Employments - Mean Annual Earnings","2023","Both sexes","Accommodation and food service activities (I)","Euro","26562"
"All Employments - Mean Annual Earnings","2023","Both sexes","Information and communication (J)","Euro","94366"
"All Employments - Mean Annual Earnings","2023","Both sexes","Professional, scientific and technical activities (M)","Euro","64694"
"All Employments - Mean Annual Earnings","2023","Both sexes","Administrative and support service activities (N)","Euro","47054"
"All Employments - Mean Annual Earnings","2023","Both sexes","Public administration and defence; compulsory social security (O)","Euro","60045"
"All Employments - Mean Annual Earnings","2023","Both sexes","Education (P)","Euro","56210"
"All Employments - Mean Annual Earnings","2023","Both sexes","Human health and social work activities (Q)","Euro","47918"
"All Employments - Mean Annual Earnings","2023","Both sexes","Industry (B to E)","Euro","59839"
"All Employments - Mean Annual Earnings","2023","Both sexes","Financial, insurance and real estate activities (K,L)","Euro","74319"
"All Employments - Mean Annual Earnings","2023","Both sexes","Arts, entertainment, recreation and other service activities (R,S)","Euro","33755"
"All Employments - Mean Annual Earnings","2023","Male","All NACE economic sectors","Euro","60816"
"All Employments - Mean Annual Earnings","2023","Male","Construction (F)","Euro","50694"
"All Employments - Mean Annual Earnings","2023","Male","Wholesale and retail trade; repair of motor vehicles and motorcycles (G)","Euro","48031"
"All Employments - Mean Annual Earnings","2023","Male","Transportation and storage (H)","Euro","50126"
"All Employments - Mean Annual Earnings","2023","Male","Accommodation and food service activities (I)","Euro","29842"
"All Employments - Mean Annual Earnings","2023","Male","Information and communication (J)","Euro","100192"
"All Employments - Mean Annual Earnings","2023","Male","Professional, scientific and technical activities (M)","Euro","74607"
"All Employments - Mean Annual Earnings","2023","Male","Administrative and support service activities (N)","Euro","52841"
"All Employments - Mean Annual Earnings","2023","Male","Public administration and defence; compulsory social security (O)","Euro","63810"
"All Employments - Mean Annual Earnings","2023","Male","Education (P)","Euro","63588"
"All Employments - Mean Annual Earnings","2023","Male","Human health and social work activities (Q)","Euro","55827"
"All Employments - Mean Annual Earnings","2023","Male","Industry (B to E)","Euro","62134"
"All Employments - Mean Annual Earnings","2023","Male","Financial, insurance and real estate activities (K,L)","Euro","88925"
"All Employments - Mean Annual Earnings","2023","Male","Arts, entertainment, recreation and other service activities (R,S)","Euro","41001"
"All Employments - Mean Annual Earnings","2023","Female","All NACE economic sectors","Euro","46915"
"All Employments - Mean Annual Earnings","2023","Female","Construction (F)","Euro","34167"
"All Employments - Mean Annual Earnings","2023","Female","Wholesale and retail trade; repair of motor vehicles and motorcycles (G)","Euro","33186"
"All Employments - Mean Annual Earnings","2023","Female","Transportation and storage (H)","Euro","41353"
"All Employments - Mean Annual Earnings","2023","Female","Accommodation and food service activities (I)","Euro","23443"
"All Employments - Mean Annual Earnings","2023","Female","Information and communication (J)","Euro","83950"
"All Employments - Mean Annual Earnings","2023","Female","Professional, scientific and technical activities (M)","Euro","54220"
"All Employments - Mean Annual Earnings","2023","Female","Administrative and support service activities (N)","Euro","39498"
"All Employments - Mean Annual Earnings","2023","Female","Public administration and defence; compulsory social security (O)","Euro","55113"
"All Employments - Mean Annual Earnings","2023","Female","Education (P)","Euro","53430"
"All Employments - Mean Annual Earnings","2023","Female","Human health and social work activities (Q)","Euro","45500"
"All Employments - Mean Annual Earnings","2023","Female","Industry (B to E)","Euro","54191"
"All Employments - Mean Annual Earnings","2023","Female","Financial, insurance and real estate activities (K,L)","Euro","60649"
"All Employments - Mean Annual Earnings","2023","Female","Arts, entertainment, recreation and other service activities (R,S)","Euro","28841"
"All Employments - Mean Annual Earnings","2024","Both sexes","All NACE economic sectors","Euro","56356"
"All Employments - Mean Annual Earnings","2024","Both sexes","Construction (F)","Euro","51065"
"All Employments - Mean Annual Earnings","2024","Both sexes","Wholesale and retail trade; repair of motor vehicles and motorcycles (G)","Euro","42454"
"All Employments - Mean Annual Earnings","2024","Both sexes","Transportation and storage (H)","Euro","50909"
"All Employments - Mean Annual Earnings","2024","Both sexes","Accommodation and food service activities (I)","Euro","27639"
"All Employments - Mean Annual Earnings","2024","Both sexes","Information and communication (J)","Euro","102445"
"All Employments - Mean Annual Earnings","2024","Both sexes","Professional, scientific and technical activities (M)","Euro","67848"
"All Employments - Mean Annual Earnings","2024","Both sexes","Administrative and support service activities (N)","Euro","48931"
"All Employments - Mean Annual Earnings","2024","Both sexes","Public administration and defence; compulsory social security (O)","Euro","62620"
"All Employments - Mean Annual Earnings","2024","Both sexes","Education (P)","Euro","58056"
"All Employments - Mean Annual Earnings","2024","Both sexes","Human health and social work activities (Q)","Euro","50438"
"All Employments - Mean Annual Earnings","2024","Both sexes","Industry (B to E)","Euro","62791"
"All Employments - Mean Annual Earnings","2024","Both sexes","Financial, insurance and real estate activities (K,L)","Euro","77313"
"All Employments - Mean Annual Earnings","2024","Both sexes","Arts, entertainment, recreation and other service activities (R,S)","Euro","35904"
"All Employments - Mean Annual Earnings","2024","Male","All NACE economic sectors","Euro","63520"
"All Employments - Mean Annual Earnings","2024","Male","Construction (F)","Euro","53651"
"All Employments - Mean Annual Earnings","2024","Male","Wholesale and retail trade; repair of motor vehicles and motorcycles (G)","Euro","49607"
"All Employments - Mean Annual Earnings","2024","Male","Transportation and storage (H)","Euro","53027"
"All Employments - Mean Annual Earnings","2024","Male","Accommodation and food service activities (I)","Euro","30769"
"All Employments - Mean Annual Earnings","2024","Male","Information and communication (J)","Euro","109035"
"All Employments - Mean Annual Earnings","2024","Male","Professional, scientific and technical activities (M)","Euro","78153"
"All Employments - Mean Annual Earnings","2024","Male","Administrative and support service activities (N)","Euro","55213"
"All Employments - Mean Annual Earnings","2024","Male","Public administration and defence; compulsory social security (O)","Euro","66481"
"All Employments - Mean Annual Earnings","2024","Male","Education (P)","Euro","66108"
"All Employments - Mean Annual Earnings","2024","Male","Human health and social work activities (Q)","Euro","58460"
"All Employments - Mean Annual Earnings","2024","Male","Industry (B to E)","Euro","65077"
"All Employments - Mean Annual Earnings","2024","Male","Financial, insurance and real estate activities (K,L)","Euro","92095"
"All Employments - Mean Annual Earnings","2024","Male","Arts, entertainment, recreation and other service activities (R,S)","Euro","43421"
"All Employments - Mean Annual Earnings","2024","Female","All NACE economic sectors","Euro","49022"
"All Employments - Mean Annual Earnings","2024","Female","Construction (F)","Euro","36521"
"All Employments - Mean Annual Earnings","2024","Female","Wholesale and retail trade; repair of motor vehicles and motorcycles (G)","Euro","34746"
"All Employments - Mean Annual Earnings","2024","Female","Transportation and storage (H)","Euro","44040"
"All Employments - Mean Annual Earnings","2024","Female","Accommodation and food service activities (I)","Euro","24602"
"All Employments - Mean Annual Earnings","2024","Female","Information and communication (J)","Euro","90423"
"All Employments - Mean Annual Earnings","2024","Female","Professional, scientific and technical activities (M)","Euro","57001"
"All Employments - Mean Annual Earnings","2024","Female","Administrative and support service activities (N)","Euro","41013"
"All Employments - Mean Annual Earnings","2024","Female","Public administration and defence; compulsory social security (O)","Euro","57413"
"All Employments - Mean Annual Earnings","2024","Female","Education (P)","Euro","55099"
"All Employments - Mean Annual Earnings","2024","Female","Human health and social work activities (Q)","Euro","47945"
"All Employments - Mean Annual Earnings","2024","Female","Industry (B to E)","Euro","57291"
"All Employments - Mean Annual Earnings","2024","Female","Financial, insurance and real estate activities (K,L)","Euro","63399"
"All Employments - Mean Annual Earnings","2024","Female","Arts, entertainment, recreation and other service activities (R,S)","Euro","30656"
"All Employments - Median Annual Earnings","2022","Both sexes","All NACE economic sectors","Euro","41823"
"All Employments - Median Annual Earnings","2022","Both sexes","Construction (F)","Euro","41003"
"All Employments - Median Annual Earnings","2022","Both sexes","Wholesale and retail trade; repair of motor vehicles and motorcycles (G)","Euro","30660"
"All Employments - Median Annual Earnings","2022","Both sexes","Transportation and storage (H)","Euro","41451"
"All Employments - Median Annual Earnings","2022","Both sexes","Accommodation and food service activities (I)","Euro","24099"
"All Employments - Median Annual Earnings","2022","Both sexes","Information and communication (J)","Euro","71494"
"All Employments - Median Annual Earnings","2022","Both sexes","Professional, scientific and technical activities (M)","Euro","46674"
"All Employments - Median Annual Earnings","2022","Both sexes","Administrative and support service activities (N)","Euro","34377"
"All Employments - Median Annual Earnings","2022","Both sexes","Public administration and defence; compulsory social security (O)","Euro","52459"
"All Employments - Median Annual Earnings","2022","Both sexes","Education (P)","Euro","51692"
"All Employments - Median Annual Earnings","2022","Both sexes","Human health and social work activities (Q)","Euro","40285"
"All Employments - Median Annual Earnings","2022","Both sexes","Industry (B to E)","Euro","46600"
"All Employments - Median Annual Earnings","2022","Both sexes","Financial, insurance and real estate activities (K,L)","Euro","54999"
"All Employments - Median Annual Earnings","2022","Both sexes","Arts, entertainment, recreation and other service activities (R,S)","Euro","25915"
"All Employments - Median Annual Earnings","2022","Male","All NACE economic sectors","Euro","45537"
"All Employments - Median Annual Earnings","2022","Male","Construction (F)","Euro","42669"
"All Employments - Median Annual Earnings","2022","Male","Wholesale and retail trade; repair of motor vehicles and motorcycles (G)","Euro","35635"
"All Employments - Median Annual Earnings","2022","Male","Transportation and storage (H)","Euro","42780"
"All Employments - Median Annual Earnings","2022","Male","Accommodation and food service activities (I)","Euro","27161"
"All Employments - Median Annual Earnings","2022","Male","Information and communication (J)","Euro","76775"
"All Employments - Median Annual Earnings","2022","Male","Professional, scientific and technical activities (M)","Euro","54339"
"All Employments - Median Annual Earnings","2022","Male","Administrative and support service activities (N)","Euro","37171"
"All Employments - Median Annual Earnings","2022","Male","Public administration and defence; compulsory social security (O)","Euro","55186"
"All Employments - Median Annual Earnings","2022","Male","Education (P)","Euro","59294"
"All Employments - Median Annual Earnings","2022","Male","Human health and social work activities (Q)","Euro","42322"
"All Employments - Median Annual Earnings","2022","Male","Industry (B to E)","Euro","48620"
"All Employments - Median Annual Earnings","2022","Male","Financial, insurance and real estate activities (K,L)","Euro","66572"
"All Employments - Median Annual Earnings","2022","Male","Arts, entertainment, recreation and other service activities (R,S)","Euro","30893"
"All Employments - Median Annual Earnings","2022","Female","All NACE economic sectors","Euro","37782"
"All Employments - Median Annual Earnings","2022","Female","Construction (F)","Euro","29112"
"All Employments - Median Annual Earnings","2022","Female","Wholesale and retail trade; repair of motor vehicles and motorcycles (G)","Euro","25256"
"All Employments - Median Annual Earnings","2022","Female","Transportation and storage (H)","Euro","37000"
"All Employments - Median Annual Earnings","2022","Female","Accommodation and food service activities (I)","Euro","21446"
"All Employments - Median Annual Earnings","2022","Female","Information and communication (J)","Euro","61884"
"All Employments - Median Annual Earnings","2022","Female","Professional, scientific and technical activities (M)","Euro","40000"
"All Employments - Median Annual Earnings","2022","Female","Administrative and support service activities (N)","Euro","29541"
"All Employments - Median Annual Earnings","2022","Female","Public administration and defence; compulsory social security (O)","Euro","48840"
"All Employments - Median Annual Earnings","2022","Female","Education (P)","Euro","48555"
"All Employments - Median Annual Earnings","2022","Female","Human health and social work activities (Q)","Euro","39829"
"All Employments - Median Annual Earnings","2022","Female","Industry (B to E)","Euro","41726"
"All Employments - Median Annual Earnings","2022","Female","Financial, insurance and real estate activities (K,L)","Euro","47001"
"All Employments - Median Annual Earnings","2022","Female","Arts, entertainment, recreation and other service activities (R,S)","Euro","23174"
"All Employments - Median Annual Earnings","2023","Both sexes","All NACE economic sectors","Euro","43221"
"All Employments - Median Annual Earnings","2023","Both sexes","Construction (F)","Euro","42643"
"All Employments - Median Annual Earnings","2023","Both sexes","Wholesale and retail trade; repair of motor vehicles and motorcycles (G)","Euro","31752"
"All Employments - Median Annual Earnings","2023","Both sexes","Transportation and storage (H)","Euro","41609"
"All Employments - Median Annual Earnings","2023","Both sexes","Accommodation and food service activities (I)","Euro","24464"
"All Employments - Median Annual Earnings","2023","Both sexes","Information and communication (J)","Euro","76002"
"All Employments - Median Annual Earnings","2023","Both sexes","Professional, scientific and technical activities (M)","Euro","49533"
"All Employments - Median Annual Earnings","2023","Both sexes","Administrative and support service activities (N)","Euro","35666"
"All Employments - Median Annual Earnings","2023","Both sexes","Public administration and defence; compulsory social security (O)","Euro","54760"
"All Employments - Median Annual Earnings","2023","Both sexes","Education (P)","Euro","53005"
"All Employments - Median Annual Earnings","2023","Both sexes","Human health and social work activities (Q)","Euro","42599"
"All Employments - Median Annual Earnings","2023","Both sexes","Industry (B to E)","Euro","47808"
"All Employments - Median Annual Earnings","2023","Both sexes","Financial, insurance and real estate activities (K,L)","Euro","56582"
"All Employments - Median Annual Earnings","2023","Both sexes","Arts, entertainment, recreation and other service activities (R,S)","Euro","26811"
"All Employments - Median Annual Earnings","2023","Male","All NACE economic sectors","Euro","47187"
"All Employments - Median Annual Earnings","2023","Male","Construction (F)","Euro","44500"
"All Employments - Median Annual Earnings","2023","Male","Wholesale and retail trade; repair of motor vehicles and motorcycles (G)","Euro","37058"
"All Employments - Median Annual Earnings","2023","Male","Transportation and storage (H)","Euro","43159"
"All Employments - Median Annual Earnings","2023","Male","Accommodation and food service activities (I)","Euro","27497"
"All Employments - Median Annual Earnings","2023","Male","Information and communication (J)","Euro","81891"
"All Employments - Median Annual Earnings","2023","Male","Professional, scientific and technical activities (M)","Euro","57800"
"All Employments - Median Annual Earnings","2023","Male","Administrative and support service activities (N)","Euro","38848"
"All Employments - Median Annual Earnings","2023","Male","Public administration and defence; compulsory social security (O)","Euro","57937"
"All Employments - Median Annual Earnings","2023","Male","Education (P)","Euro","61163"
"All Employments - Median Annual Earnings","2023","Male","Human health and social work activities (Q)","Euro","45131"
"All Employments - Median Annual Earnings","2023","Male","Industry (B to E)","Euro","49814"
"All Employments - Median Annual Earnings","2023","Male","Financial, insurance and real estate activities (K,L)","Euro","68563"
"All Employments - Median Annual Earnings","2023","Male","Arts, entertainment, recreation and other service activities (R,S)","Euro","32322"
"All Employments - Median Annual Earnings","2023","Female","All NACE economic sectors","Euro","39039"
"All Employments - Median Annual Earnings","2023","Female","Construction (F)","Euro","30347"
"All Employments - Median Annual Earnings","2023","Female","Wholesale and retail trade; repair of motor vehicles and motorcycles (G)","Euro","26336"
"All Employments - Median Annual Earnings","2023","Female","Transportation and storage (H)","Euro","36640"
"All Employments - Median Annual Earnings","2023","Female","Accommodation and food service activities (I)","Euro","21701"
"All Employments - Median Annual Earnings","2023","Female","Information and communication (J)","Euro","65443"
"All Employments - Median Annual Earnings","2023","Female","Professional, scientific and technical activities (M)","Euro","42283"
"All Employments - Median Annual Earnings","2023","Female","Administrative and support service activities (N)","Euro","30390"
"All Employments - Median Annual Earnings","2023","Female","Public administration and defence; compulsory social security (O)","Euro","50872"
"All Employments - Median Annual Earnings","2023","Female","Education (P)","Euro","49835"
"All Employments - Median Annual Earnings","2023","Female","Human health and social work activities (Q)","Euro","41927"
"All Employments - Median Annual Earnings","2023","Female","Industry (B to E)","Euro","43066"
"All Employments - Median Annual Earnings","2023","Female","Financial, insurance and real estate activities (K,L)","Euro","48423"
"All Employments - Median Annual Earnings","2023","Female","Arts, entertainment, recreation and other service activities (R,S)","Euro","23873"
"All Employments - Median Annual Earnings","2024","Both sexes","All NACE economic sectors","Euro","44816"
"All Employments - Median Annual Earnings","2024","Both sexes","Construction (F)","Euro","44676"
"All Employments - Median Annual Earnings","2024","Both sexes","Wholesale and retail trade; repair of motor vehicles and motorcycles (G)","Euro","32902"
"All Employments - Median Annual Earnings","2024","Both sexes","Transportation and storage (H)","Euro","43823"
"All Employments - Median Annual Earnings","2024","Both sexes","Accommodation and food service activities (I)","Euro","26000"
"All Employments - Median Annual Earnings","2024","Both sexes","Information and communication (J)","Euro","80147"
"All Employments - Median Annual Earnings","2024","Both sexes","Professional, scientific and technical activities (M)","Euro","51750"
"All Employments - Median Annual Earnings","2024","Both sexes","Administrative and support service activities (N)","Euro","37125"
"All Employments - Median Annual Earnings","2024","Both sexes","Public administration and defence; compulsory social security (O)","Euro","56745"
"All Employments - Median Annual Earnings","2024","Both sexes","Education (P)","Euro","54413"
"All Employments - Median Annual Earnings","2024","Both sexes","Human health and social work activities (Q)","Euro","44622"
"All Employments - Median Annual Earnings","2024","Both sexes","Industry (B to E)","Euro","50000"
"All Employments - Median Annual Earnings","2024","Both sexes","Financial, insurance and real estate activities (K,L)","Euro","59023"
"All Employments - Median Annual Earnings","2024","Both sexes","Arts, entertainment, recreation and other service activities (R,S)","Euro","28497"
"All Employments - Median Annual Earnings","2024","Male","All NACE economic sectors","Euro","48897"
"All Employments - Median Annual Earnings","2024","Male","Construction (F)","Euro","46693"
"All Employments - Median Annual Earnings","2024","Male","Wholesale and retail trade; repair of motor vehicles and motorcycles (G)","Euro","38240"
"All Employments - Median Annual Earnings","2024","Male","Transportation and storage (H)","Euro","45540"
"All Employments - Median Annual Earnings","2024","Male","Accommodation and food service activities (I)","Euro","28822"
"All Employments - Median Annual Earnings","2024","Male","Information and communication (J)","Euro","86388"
"All Employments - Median Annual Earnings","2024","Male","Professional, scientific and technical activities (M)","Euro","60383"
"All Employments - Median Annual Earnings","2024","Male","Administrative and support service activities (N)","Euro","40442"
"All Employments - Median Annual Earnings","2024","Male","Public administration and defence; compulsory social security (O)","Euro","60010"
"All Employments - Median Annual Earnings","2024","Male","Education (P)","Euro","63705"
"All Employments - Median Annual Earnings","2024","Male","Human health and social work activities (Q)","Euro","46965"
"All Employments - Median Annual Earnings","2024","Male","Industry (B to E)","Euro","52005"
"All Employments - Median Annual Earnings","2024","Male","Financial, insurance and real estate activities (K,L)","Euro","71278"
"All Employments - Median Annual Earnings","2024","Male","Arts, entertainment, recreation and other service activities (R,S)","Euro","33400"
"All Employments - Median Annual Earnings","2024","Female","All NACE economic sectors","Euro","40424"
"All Employments - Median Annual Earnings","2024","Female","Construction (F)","Euro","32045"
"All Employments - Median Annual Earnings","2024","Female","Wholesale and retail trade; repair of motor vehicles and motorcycles (G)","Euro","27720"
"All Employments - Median Annual Earnings","2024","Female","Transportation and storage (H)","Euro","38225"
"All Employments - Median Annual Earnings","2024","Female","Accommodation and food service activities (I)","Euro","23045"
"All Employments - Median Annual Earnings","2024","Female","Information and communication (J)","Euro","69156"
"All Employments - Median Annual Earnings","2024","Female","Professional, scientific and technical activities (M)","Euro","44584"
"All Employments - Median Annual Earnings","2024","Female","Administrative and support service activities (N)","Euro","31688"
"All Employments - Median Annual Earnings","2024","Female","Public administration and defence; compulsory social security (O)","Euro","52467"
"All Employments - Median Annual Earnings","2024","Female","Education (P)","Euro","50745"
"All Employments - Median Annual Earnings","2024","Female","Human health and social work activities (Q)","Euro","44001"
"All Employments - Median Annual Earnings","2024","Female","Industry (B to E)","Euro","44996"
"All Employments - Median Annual Earnings","2024","Female","Financial, insurance and real estate activities (K,L)","Euro","50521"
"All Employments - Median Annual Earnings","2024","Female","Arts, entertainment, recreation and other service activities (R,S)","Euro","25693"
